IMG_4962.JPG,653.4973,1063.5262,1230.055,641.66223,1042.1521,1183.3893,636.4982,1043.7002,1183.6163,630.2019,1045.5728,1183.894,657.72614,1035.9247,1222.864,664.81647,1032.9193,1222.8405,672.2793,1029.695,1222.8193,630.9499,1048.3479,936.0893,702.4112,1021.94037,1113.2913,659.0431,1083.1136,1142.6603,679.14014,1074.9263,1192.8832,616.7361,1143.3009,509.7681,867.3301,1097.676,1062.3217,495.70734,1157.7096,-40.03168,873.82635,1303.3403,1082.3566,370.12973,1107.2687,-371.2078,836.08527,1500.7198,1051.7281,332.84366,1075.6768,-476.1206,809.7599,1529.3988,1065.3358,348.69348,1067.7512,-422.76956,802.22003,1528.0331,1008.3434,364.6587,1083.4088,-360.06772,811.8007,1518.6271,1031.6396,924.2291,1422.3969,-204.71695,1079.3926,1361.3247,203.4133,942.7175,1807.9788,-216.05177,1364.4133,1612.6337,66.06902,1181.576,1910.6104,-713.26215,1709.3297,1761.6749,-927.7338,1221.102,1860.8312,-763.6465,1762.2484,1755.0334,-1039.8033,1272.5721,2079.7275,-781.4884,1813.2242,1902.5272,-1239.4696
IMG_4966.JPG,1319.9235,1556.3082,-1364.4095,1343.3671,1532.6991,-1396.4202,1349.9409,1529.6531,-1396.5347,1355.9772,1526.3071,-1397.108,1318.1052,1525.8143,-1440.2433,1307.2649,1518.1769,-1440.5065,1296.0663,1510.4236,-1440.8704,1338.9302,1471.4614,-1317.974,1263.9144,1464.9308,-1526.1547,1302.5696,1550.3828,-1306.2439,1278.1229,1540.8575,-1368.265,1362.6448,1384.5072,-1135.4246,1056.825,1416.2926,-1402.7445,1571.4587,1541.3492,-1044.4235,1016.07416,1660.5779,-1641.0547,1821.1702,1653.2767,-1267.7999,1039.6019,1894.1437,-1984.5798,1924.3209,1645.3367,-1417.0011,1060.7576,1943.9136,-2203.969,1914.3057,1657.1846,-1482.399,1083.2882,1933.8694,-2174.9446,1861.5261,1666.9785,-1304.3329,1076.41,1915.1495,-1996.0111,957.46985,1335.5669,180.64433,813.1257,1273.2483,-180.96053,920.4834,1577.7881,774.611,592.8734,1210.8452,565.0164,768.2784,1414.034,1714.5369,406.37286,1037.0447,1382.2797,769.61725,1382.4727,1814.818,384.5019,983.874,1463.6346,697.6546,1449.2328,1810.994,335.75864,1085.2242,1330.1127
IMG_4967.JPG,1168.0968,1921.1622,-2298.4011,1192.514,1907.546,-2399.4304,1205.3156,1900.0609,-2399.0498,1220.1113,1891.259,-2399.2432,1153.0542,1912.6351,-2393.9678,1137.0074,1909.1444,-2394.03,1119.9111,1905.3003,-2393.8816,1240.0787,1819.9989,-2362.2727,1071.9302,1861.4603,-2344.8154,1175.032,1891.2792,-2223.9634,1124.3014,1894.7096,-2219.8335,1358.7546,1679.1399,-1980.8816,836.2787,1800.3845,-1948.6554,1578.4967,2006.5867,-2014.3453,844.6209,2109.3535,-1866.6539,1809.1775,2305.1428,-2363.658,864.5743,2398.6697,-2152.1326,1925.6027,2365.893,-2627.863,841.80835,2485.3186,-2397.6057,1882.4086,2401.7336,-2671.4878,894.399,2474.682,-2464.3325,1836.2496,2383.4648,-2399.2449,913.7228,2439.7837,-2198.3076,936.0934,1348.085,76.8109,692.9911,1423.8654,-78.04253,862.6036,1440.408,1657.9598,565.9676,1402.2158,1427.211,767.3514,1459.1467,3455.254,406.01022,1205.893,3163.4915,732.0881,1440.1754,3646.9617,379.80603,1145.1841,3345.6868,756.15686,1563.8816,3526.8774,445.31992,1325.8501,3145.381
IMG_4968.JPG,1345.0958,1605.5378,-282.60617,1367.5347,1602.1532,-264.9403,1369.6124,1600.1298,-265.02948,1371.8635,1597.4263,-265.0693,1364.8894,1600.1953,-353.3269,1365.0769,1597.251,-353.39178,1365.3612,1593.8218,-353.51086,1375.1134,1558.6365,-119.37723,1364.4701,1558.9894,-527.24316,1328.2465,1592.0297,-213.2126,1325.3564,1589.2865,-332.74405,1332.7799,1454.7302,132.2946,1260.6675,1504.3901,-687.77246,1500.883,1518.5182,338.45193,1248.8988,1677.884,-886.6186,1670.8636,1556.3807,252.25925,1266.3175,1839.3667,-871.12006,1709.0012,1552.0896,235.8108,1295.7391,1862.2012,-979.96564,1708.0332,1556.6139,183.28476,1307.015,1852.6421,-939.1251,1696.5665,1558.1398,222.38892,1296.3192,1845.401,-853.9893,919.16614,1500.9832,272.6019,891.7412,1457.4211,-272.72256,871.58374,1725.3958,270.96704,590.41034,1454.3438,-353.14706,625.8451,1626.1935,712.99225,296.5676,1365.2952,-268.0873,590.7253,1581.2026,746.8779,282.9889,1340.9384,-272.79868,554.85266,1706.1024,649.4313,273.08768,1439.0236,-542.4819
IMG_4970.JPG,1336.9564,1349.9092,556.55066,1347.1277,1326.3032,576.4672,1345.0813,1321.639,576.38153,1343.242,1317.0076,576.2362,1352.9814,1329.3544,500.68234,1354.9514,1327.1167,500.65036,1356.9575,1324.908,500.43747,1328.8115,1284.1449,639.8272,1347.2656,1301.9105,295.43463,1314.5084,1343.4645,587.47894,1323.0127,1347.1068,485.0546,1186.5205,1240.718,810.7309,1307.0037,1301.8237,3.4911191,1187.0292,1397.62,1116.2196,1308.1488,1480.7715,-8.649661,1228.9288,1503.2942,1393.4438,1306.1792,1626.7048,300.28183,1267.9475,1487.7024,1472.8828,1343.8717,1636.1818,304.14258,1270.1987,1491.0585,1435.5715,1344.4048,1621.0558,348.6912,1262.8252,1500.2565,1382.4061,1328.8828,1621.4833,330.2202,902.11664,1391.1227,245.76242,967.87463,1413.4205,-245.7792,854.966,1698.8549,-52.08474,781.0446,1594.3066,-760.62317,586.9811,1715.3029,-271.09396,462.42395,1612.5948,-1213.748,528.4117,1701.0631,-307.2778,367.8317,1586.2635,-1263.2887,561.1441,1866.373,-421.6203,396.2536,1740.6172,-1444.517
IMG_4971.JPG,527.0262,1106.7103,1426.7747,511.11572,1081.5494,1405.0394,506.81122,1080.4116,1405.0725,501.9272,1079.5377,1405.26,525.6762,1076.4204,1474.6893,532.27795,1072.1925,1474.4606,538.944,1068.3778,1474.1685,512.9732,1075.4093,1177.5834,569.4973,1059.7411,1494.379,540.8215,1118.7694,1332.7965,559.1846,1112.4918,1422.6595,536.11694,1124.9236,671.39105,735.1538,1085.33,1458.5099,365.7072,1220.0471,472.24265,745.5417,1273.7603,1792.8291,176.76604,1265.6416,902.59937,669.90204,1422.9908,2154.8125,123.02797,1259.5082,946.26855,635.17255,1426.5416,2262.873,133.92503,1248.983,992.6916,627.53064,1427.3495,2246.7935,155.15326,1254.5894,939.51324,640.46686,1426.4792,2162.6785,924.0788,1344.9752,-271.2321,1039.1174,1274.1525,269.0553,993.16595,1663.8406,-145.96571,1343.6401,1495.4415,169.0901,1304.222,1671.4177,-1012.3088,1714.9088,1589.7897,-1017.5646,1348.0348,1632.724,-1098.2931,1788.1626,1579.4136,-1152.2792,1385.1382,1841.2164,-1040.8508,1779.237,1764.3068,-1232.99
IMG_4972.JPG,604.1338,1350.6361,1022.67236,586.3524,1340.5095,959.16974,583.37054,1341.2985,959.388,580.3381,1341.81,959.48425,596.41876,1333.0857,1022.9884,600.6248,1328.8184,1022.96313,605.1083,1323.881,1022.8132,585.46906,1337.4128,679.87,622.0611,1308.3636,966.3021,617.33026,1355.8516,924.338,633.6951,1349.4294,1006.19904,613.5471,1373.2289,342.38086,782.0068,1298.466,959.0972,465.589,1442.0952,467.07986,868.44525,1514.384,1364.7043,308.00778,1445.1252,1028.6351,807.5642,1673.5724,1743.8003,254.84262,1421.7172,1055.997,802.95416,1691.285,1810.1794,255.97388,1409.3524,1054.9998,798.10376,1689.6681,1747.9099,275.78027,1419.8048,1043.1814,801.3348,1684.101,1729.2103,937.8276,1582.8508,-162.23161,1055.9092,1492.3574,161.60031,955.98944,1961.1179,24.436552,1402.2,1613.8667,42.012234,1219.4318,2025.4512,-194.20735,1792.6525,1637.8312,-605.1058,1271.2311,1977.113,-206.55048,1841.3812,1642.353,-673.5307,1308.175,2193.6318,-134.43593,1895.5795,1704.902,-759.6573
IMG_4993.JPG,478.16812,1921.1398,1840.5599,456.21658,1906.5345,1816.9587,450.02884,1907.2832,1817.4028,442.3505,1908.0162,1817.6156,471.0837,1894.4053,1887.3271,477.2023,1891.3536,1887.4153,480.4767,1887.2538,1887.2626,432.01886,1891.1349,1533.8171,497.461,1867.0801,1856.4984,487.86682,1920.4171,1721.5902,503.27182,1911.4867,1814.8882,438.8466,1887.0494,966.9897,689.3138,1822.1335,1673.2048,336.26917,1999.3594,804.0759,772.0333,2063.953,1957.5132,212.94463,2018.0148,1184.5319,683.19574,2234.5398,2328.525,165.41957,2020.867,1206.9688,661.17444,2260.8225,2430.513,184.7191,2005.4824,1247.8499,640.64923,2260.4822,2407.122,206.58722,2009.5176,1210.6858,646.5413,2250.6152,2330.1897,789.63794,2099.5718,-189.89687,935.4599,2003.5228,187.55482,872.12524,2482.234,-379.84384,1231.5323,2171.1348,-189.71149,1177.1415,2458.2144,-1295.9857,1623.9706,2207.3384,-1681.368,1221.7015,2399.5674,-1390.0936,1671.2727,2199.4612,-1847.1409,1366.1869,2614.2993,-1398.4,1799.6185,2362.3677,-2060.0928
IMG_4995.JPG,454.40015,1937.9926,1703.8281,431.89993,1923.7233,1677.8171,424.91122,1924.3455,1678.2183,417.2861,1925.9668,1678.3589,445.33206,1919.2059,1759.6227,453.2041,1910.3462,1759.69,455.80148,1908.4045,1759.4381,410.51486,1911.973,1406.058,469.88074,1886.8522,1780.907,465.43845,1937.6154,1588.5718,480.59653,1931.3315,1697.2407,406.33102,1888.4879,904.3615,657.3363,1824.8501,1618.573,253.96947,2002.627,795.2624,715.66406,2055.7698,1901.8505,143.97272,2042.2544,1274.2981,664.5457,2252.8816,2214.758,107.12238,2045.5598,1311.6716,641.2307,2277.059,2307.4448,126.609795,2031.1526,1346.3572,615.59534,2272.4539,2284.1165,150.85176,2032.9531,1301.169,621.6725,2262.347,2217.2256,785.075,2092.5999,-183.83669,938.76965,1999.2098,181.59265,836.7892,2472.361,-152.2883,1228.3378,2186.2603,-147.87294,1161.2848,2472.1416,-1219.5627,1654.0569,2271.9043,-1719.2506,1214.1024,2424.9902,-1327.3253,1733.2365,2255.8499,-1896.4954,1309.5731,2667.5457,-1298.2223,1808.6228,2417.0278,-2108.907
IMG_4996.JPG,401.7723,1898.0392,1955.7394,375.66367,1884.055,1926.7474,370.66977,1886.1538,1927.1035,364.71927,1889.2758,1927.1973,388.51062,1874.3959,2014.8174,393.10696,1870.0496,2014.8335,399.97662,1860.0582,2014.4617,360.07465,1874.3503,1627.9331,427.55444,1833.4427,2032.7008,419.5367,1896.3896,1829.6329,435.83313,1882.836,1946.849,366.69513,1837.6486,1063.818,618.1018,1768.087,1849.6122,233.8683,1946.5574,957.4179,702.8119,2013.1154,2189.837,119.36354,2020.7118,1501.6348,619.9057,2210.0657,2609.1401,74.526794,2033.5293,1552.5425,603.02374,2234.6367,2721.0164,93.849045,2021.703,1591.6351,578.4751,2226.9885,2708.3555,122.250824,2020.9989,1533.0712,584.6586,2216.7815,2618.951,749.84015,2036.2496,-205.64809,912.5811,1945.9066,203.85368,809.7838,2443.6306,-271.25327,1220.0212,2132.3438,-229.79976,1146.3734,2434.4636,-1304.344,1662.8401,2218.0327,-1802.6537,1207.784,2382.0032,-1409.8618,1741.6565,2223.7742,-1983.2625,1291.7308,2636.2932,-1372.1727,1826.9498,2383.648,-2206.3118
IMG_5002.JPG,1245.684,1933.3569,-1164.4246,1272.1781,1919.6628,-1239.5458,1282.0187,1917.4756,-1239.6123,1292.4203,1915.8333,-1240.3398,1243.0366,1915.5422,-1288.1189,1232.4758,1910.1871,-1288.1635,1221.7886,1905.8453,-1288.4418,1299.8021,1861.8271,-1336.8241,1199.7466,1870.724,-1565.8811,1238.0254,1921.78,-1163.4395,1203.8707,1910.6776,-1231.6311,1351.1548,1720.1271,-1231.4893,982.329,1835.827,-1604.5315,1588.4658,1921.4624,-1258.7734,988.1539,2107.0718,-1998.7742,1835.2874,2188.7866,-1608.931,1058.6221,2395.622,-2451.8887,1951.695,2213.8403,-1783.2418,1095.2015,2459.1726,-2702.734,1929.6282,2246.3901,-1867.0206,1126.8025,2443.0576,-2673.5723,1871.9458,2243.1304,-1661.8882,1119.3416,2415.4563,-2472.0522,852.9649,1720.3826,247.31143,666.648,1693.7424,-247.18617,943.2843,2043.16,528.69354,488.00912,1754.3506,501.5378,664.01337,1917.6783,1391.8375,298.25092,1659.3394,1340.9117,634.91315,1887.2167,1484.3153,281.01633,1621.9052,1422.8994,579.16187,1987.2072,1406.4783,224.09123,1702.262,1258.651
IMG_5003.JPG,1439.1655,1876.521,-488.5904,1464.7446,1867.0815,-462.36838,1465.8171,1865.8593,-462.41864,1466.768,1864.2045,-462.4704,1461.3451,1859.72,-560.6032,1459.7852,1854.0525,-560.7173,1457.8049,1848.0947,-560.9217,1455.7249,1829.4961,-272.12595,1444.2241,1812.0778,-726.6714,1416.4948,1866.1974,-404.2449,1414.127,1858.453,-536.8329,1384.5331,1755.9594,-14.753386,1319.1045,1772.7832,-906.51154,1571.9027,1848.6986,44.410046,1350.5696,1992.8895,-1207.8899,1760.8838,1958.447,-269.57413,1395.2631,2215.1921,-1285.4222,1809.4751,1969.2179,-326.78253,1444.5437,2240.0752,-1424.4778,1811.2314,1974.1078,-413.37433,1452.5269,2223.0278,-1362.1305,1793.9943,1974.1423,-323.03055,1433.9159,2216.9832,-1264.9901,967.98456,1880.832,291.76767,903.8711,1809.2827,-291.82184,934.9406,2126.3313,100.99067,601.056,1886.4181,-485.90265,641.99133,2024.8392,575.89343,257.9258,1844.1539,-435.44608,604.20654,1972.106,611.831,214.09282,1803.8959,-449.4899,529.74927,2107.8594,494.24863,140.56804,1969.2983,-767.0765
IMG_5004.JPG,1554.0134,1807.556,-475.6058,1582.1128,1790.5566,-443.6188,1583.6624,1789.2874,-443.71317,1585.2864,1787.8584,-443.833,1576.9397,1782.1263,-551.8883,1574.5692,1775.2839,-551.99927,1571.9354,1767.7362,-552.255,1571.4664,1748.081,-234.5245,1554.9077,1727.8241,-735.95026,1526.6698,1801.31,-384.21304,1522.7826,1790.3458,-530.4312,1488.1471,1698.4486,48.866898,1425.572,1699.3535,-938.62305,1699.562,1789.9982,181.11668,1450.491,1936.5873,-1301.535,1880.4408,1895.4452,-146.80312,1502.795,2157.8079,-1384.461,1944.963,1906.7205,-205.95758,1556.8319,2190.5864,-1531.3774,1946.6346,1909.9213,-295.10318,1570.1183,2169.6038,-1465.8854,1922.0559,1909.0164,-202.4904,1548.3733,2161.7449,-1361.6602,1046.445,1813.1659,316.73984,998.1151,1734.9181,-316.79578,1000.20294,2057.9026,-119.250046,695.7585,1832.8285,-554.3785,702.7951,1977.6346,381.56696,328.6157,1794.91,-400.30734,669.3055,1931.1123,418.45322,273.21347,1754.6106,-405.1885,587.6768,2062.2588,270.02634,183.43956,1925.2247,-749.7961
IMG_5005.JPG,1450.9832,1763.9551,576.04156,1459.5736,1747.5858,576.7415,1458.3513,1744.9288,576.5906,1457.6193,1742.5156,576.317,1463.0721,1750.5457,508.20264,1464.032,1749.5476,508.2849,1465.2572,1748.9645,508.06403,1447.4172,1718.2675,588.5722,1454.918,1727.356,276.2198,1430.6573,1764.8912,593.18604,1434.4165,1768.8862,499.2923,1337.9177,1656.8684,761.3999,1400.9541,1742.0796,-25.797132,1419.3599,1798.314,1100.5399,1451.9067,1927.8752,-52.72391,1504.3132,1862.8777,1418.2301,1493.1927,2100.625,227.46574,1550.3546,1855.6017,1495.6835,1528.426,2113.292,223.44965,1545.4159,1858.277,1479.9417,1531.2786,2094.7651,239.01591,1524.575,1861.7554,1417.9222,1517.2463,2090.0544,244.6629,985.9989,1807.5056,260.96808,994.8918,1798.6018,-261.1283,945.5723,2139.4863,212.17947,751.48474,1947.9247,-787.794,631.9786,2094.8936,185.47511,361.06357,2004.6445,-1325.687,564.03986,2062.5598,169.51312,290.57986,1975.2693,-1388.4158,553.896,2250.4426,95.212746,269.58463,2169.1167,-1631.358
IMG_5006.JPG,1472.6147,1786.3516,660.9371,1480.8036,1763.6953,668.45807,1478.526,1761.2372,668.2999,1476.7421,1759.4088,668.0677,1486.0145,1764.1393,596.50867,1486.9468,1761.1768,596.58887,1489.0546,1758.2898,596.34064,1463.4645,1735.5576,696.3082,1475.2117,1734.3081,370.0041,1452.3448,1784.8348,680.4386,1459.7313,1784.3352,582.7387,1341.8839,1679.2512,812.0932,1424.2126,1707.8246,60.086113,1378.396,1815.2816,1036.6819,1483.7533,1919.6677,1.0127792,1491.5464,1838.6343,1273.3123,1518.5809,2101.6343,297.07428,1526.7554,1838.6497,1327.7045,1563.1774,2106.663,306.362,1528.5751,1837.8154,1339.7489,1563.8364,2089.0388,323.4809,1507.7177,1839.55,1280.5265,1543.6652,2086.067,316.6069,1008.209,1832.9315,241.74287,1037.5137,1821.7103,-242.03145,996.96313,2181.7307,46.693768,839.95703,1995.4769,-873.1939,689.3972,2166.898,-219.46082,439.96942,2047.8606,-1500.8358,624.66003,2177.202,-262.36597,364.05988,2011.8416,-1567.2761,611.93915,2320.547,-374.62265,359.57248,2235.478,-1784.0338
IMG_5355.JPG,2192.8374,611.37805,-171.71156,2215.644,579.3379,-128.78397,2215.351,576.4832,-128.92363,2215.4019,573.12427,-128.97586,2209.7537,571.75665,-240.65295,2204.9653,563.3657,-240.73431,2200.6184,554.51935,-240.84105,2176.139,524.2628,93.89224,2160.873,508.73508,-422.16403,2161.3533,612.09106,-81.11723,2155.3564,604.2099,-231.83096,2025.0176,544.8803,315.061,1966.8098,519.96594,-657.1923,2271.3464,637.1209,365.56735,1932.4893,812.36694,-853.3977,2509.148,631.4114,98.06692,1963.2139,1087.2501,-865.7835,2567.0105,624.59204,42.163483,2029.0889,1106.8737,-989.35724,2564.8198,614.7091,-25.31532,2039.1956,1097.0276,-927.82635,2543.9165,616.85864,50.932262,2017.1549,1091.0066,-843.7703,1483.0541,684.3455,293.70544,1461.1464,608.142,-293.63483,1451.7073,1013.40045,-65.74873,1095.9993,597.08484,-438.49655,1082.4055,959.35706,318.25635,648.8966,496.43793,-296.28995,1003.5708,885.3278,348.4526,609.03375,467.37918,-293.3528,960.5681,1054.0531,228.43956,472.83984,579.52185,-601.41077
IMG_5356.JPG,2137.2603,484.98157,-143.29643,2159.6714,448.75705,-103.94857,2160.046,446.10162,-103.980064,2160.5806,443.55713,-103.97782,2153.448,442.8433,-213.4267,2148.8062,435.91162,-213.599,2143.8015,427.92026,-213.6959,2120.022,401.2328,116.1528,2102.6484,386.4665,-391.11865,2110.269,492.00262,-53.01989,2102.4194,484.77618,-201.8248,1957.9674,429.1002,414.3494,1938.3615,431.6926,-648.3647,2180.3594,488.595,594.5511,1949.4911,715.1707,-824.97595,2366.8892,481.51877,478.8646,1975.2462,979.885,-760.90515,2418.262,471.53558,461.67938,2044.364,992.13293,-879.1106,2422.1938,471.59662,383.33246,2051.4875,981.14044,-812.58435,2400.6462,476.95624,432.21826,2025.2661,978.48083,-734.15344,1461.5231,593.42676,325.00095,1437.6538,552.51544,-324.84924,1444.4275,943.9845,144.54736,1013.4534,555.78406,-494.9393,1040.2833,903.6342,369.37057,538.5679,503.20474,-507.29608,965.6716,857.5882,379.0325,468.45328,457.24747,-519.4636,965.9308,1066.7789,242.37816,384.94284,612.51154,-837.9327
IMG_5357.JPG,2224.7952,497.76685,725.04065,2239.7654,472.20392,799.00446,2239.2993,471.38312,798.6304,2239.9353,470.68787,798.4184,2242.939,457.89233,703.763,2243.8916,447.3137,703.63104,2246.2737,436.76645,703.1086,2219.9631,433.4158,1023.36017,2229.7812,397.24646,597.5361,2209.6252,500.7884,806.31213,2211.905,487.34134,678.6179,2013.7418,437.9653,1179.1144,2103.272,390.12537,136.78407,1802.7439,739.456,1290.0382,2112.936,633.46063,-163.30122,1745.5743,922.4514,1187.4728,2149.2024,985.91034,-74.39392,1733.071,950.94556,1182.1621,2218.7954,1008.99207,-110.1958,1750.8872,946.13336,1125.5593,2211.9102,996.5345,-72.39992,1754.0166,936.5772,1152.5028,2180.212,996.3885,-50.574413,1540.5146,647.0928,274.70337,1582.9774,555.1052,-274.85312,1567.948,1023.3107,-248.20714,1222.107,560.3507,-1233.2377,1110.513,1049.9683,-555.50037,655.4277,487.38205,-2169.0708,1018.7057,1002.2097,-607.88885,561.2584,452.65375,-2268.0042,1073.3197,1230.8846,-834.39294,541.98584,665.09326,-2664.3293
IMG_5358.JPG,2011.5093,453.84634,1350.3328,2018.4692,424.72284,1426.824,2012.9017,422.0265,1426.7078,2007.281,418.80106,1426.5182,2028.3518,420.369,1329.3817,2030.6956,414.55164,1329.3113,2033.0754,408.36658,1328.8273,1973.2593,387.21518,1583.2146,2015.7329,380.5127,1145.251,1979.9944,458.28882,1397.7792,1990.3143,454.78937,1266.7239,1748.0646,443.38193,1597.8015,1979.5841,383.7954,552.348,1665.0768,730.51855,1567.0941,1986.1481,651.2105,195.33426,1624.3181,976.6414,1474.4625,1986.2704,978.1797,280.7239,1629.6604,999.83026,1489.3376,2048.2158,1000.19055,235.64659,1642.0714,1010.66943,1434.3629,2042.3453,989.17633,341.7305,1640.5574,1006.25934,1440.6466,2011.7308,986.8502,328.97034,1423.4017,634.1338,294.0133,1528.9716,514.6299,-294.8653,1440.9806,1064.1592,-260.6953,1148.4764,469.35135,-1346.6265,1017.8116,1079.8032,-837.2535,588.9026,365.3347,-2380.3633,925.2585,1030.067,-921.22,501.89755,316.46066,-2485.3674,987.895,1275.7333,-1136.825,405.07468,509.85086,-2848.5752
IMG_5361.JPG,1359.7845,396.0806,1569.3616,1343.4662,370.1259,1559.9385,1339.5897,371.05078,1560.1719,1336.1654,371.83188,1560.1501,1362.167,360.6414,1629.8394,1371.3055,355.9447,1629.782,1381.8893,351.1103,1629.4064,1349.0333,367.67773,1310.4092,1417.8265,333.99484,1626.4275,1378.8171,402.40466,1463.6952,1405.2582,391.0605,1552.7173,1320.1986,431.65445,620.6401,1607.8612,357.1554,1547.661,1145.3986,600.3572,358.58557,1667.6268,715.5076,1644.5703,930.4963,654.38837,540.9016,1672.3381,973.1785,1532.1508,835.8353,677.0189,519.91797,1623.764,1017.5903,1554.5983,859.4324,645.8329,583.97516,1605.5066,1028.3708,1490.5939,892.92,643.3199,577.33075,1625.821,1014.8707,1503.6611,1776.9672,629.19324,-270.31522,1954.1534,492.58093,267.56482,1873.911,1075.9288,-378.397,2440.583,444.33765,-80.093575,2306.3262,1077.6213,-985.8412,2977.4211,211.54446,-1238.5464,2343.5461,1021.22144,-1035.8091,3013.7886,126.94596,-1358.0768,2452.2378,1259.5912,-1047.802,3245.9468,293.2171,-1499.5101
IMG_5362.JPG,944.95886,690.2816,204.06476,893.8647,689.19904,156.07083,890.5078,682.5975,156.0097,887.75104,676.01337,156.01883,915.11487,651.7681,283.25827,920.35675,651.90796,283.07513,928.20764,651.1168,282.94208,913.10065,628.24274,-1.0173776,978.0057,644.0822,570.4314,983.12354,702.99225,152.0593,995.4634,709.41864,316.44656,1026.6401,629.1751,-387.40915,1250.9192,604.5856,917.2269,789.68976,838.78796,-708.21094,1494.2058,875.26404,1168.0521,459.33383,949.8907,-439.28357,1474.8577,1193.22,879.67194,372.68814,976.16876,-542.0145,1422.9283,1218.9149,899.8678,397.65775,955.46686,-445.93164,1412.1731,1232.2083,758.0354,432.97247,941.7858,-399.43362,1433.7555,1226.9327,814.42584,1896.8607,749.5463,-412.29745,1958.0719,595.95734,410.3757,2057.5725,1253.3157,-372.0442,2524.5735,536.04095,512.1037,2668.9885,1119.2891,62.61691,3087.4192,284.91626,540.3523,2753.959,1046.0967,122.63891,3159.2493,209.20956,549.6156,2787.4805,1246.7219,174.528,3314.811,374.0348,477.48813
IMG_5363.JPG,1059.0538,596.40466,266.17758,1024.6123,559.1934,214.00652,1023.68884,554.63336,214.0189,1023.01166,548.8457,214.14957,1028.4858,556.30096,336.0588,1030.0182,550.5175,335.84378,1031.8901,543.51666,335.58044,1049.9276,517.5091,66.82012,1063.2926,509.75522,605.8273,1095.147,599.14844,223.11093,1104.8436,596.1948,377.82938,1165.8315,559.57587,-330.13947,1322.5771,493.41846,937.94495,814.54,696.0863,-775.7573,1450.6284,828.1699,1181.7501,460.7704,811.46857,-763.3695,1416.2112,1144.1156,910.1337,367.4021,817.1278,-898.0962,1354.4791,1163.0701,940.1888,384.04642,778.9761,-805.829,1350.0189,1170.544,792.41943,422.00223,777.8687,-730.8072,1376.9604,1165.5955,842.19574,1915.962,686.08777,-409.64722,1986.309,543.6033,407.82468,2015.3646,1172.3066,-362.73648,2457.7878,566.08124,594.64594,2602.3438,1055.097,91.49435,3006.098,360.06125,751.7173,2675.344,990.8161,158.0614,3087.8926,305.60437,777.29974,2693.8535,1202.3977,279.43088,3151.5542,442.50266,732.8015
IMG_5994.JPG,728.18854,729.16833,232.47983,731.38434,674.4927,187.4402,736.22766,671.8172,187.244,741.19476,668.8873,187.12846,735.51086,673.8258,306.6186,743.1552,670.61865,306.3575,751.1667,666.8369,306.23468,808.7079,663.4297,52.566044,820.98425,658.4846,576.46124,766.56647,763.29004,192.64587,770.6072,758.3207,341.86176,924.4976,777.67865,-403.45395,1059.357,767.7357,961.7092,574.8772,900.5308,-796.4152,1103.5281,1116.2463,1170.765,188.68484,1069.4037,-681.0953,1025.5646,1507.0497,967.3258,87.929,1098.2584,-817.7773,945.8341,1531.5919,1009.9255,89.77416,1085.2695,-697.1116,934.22266,1530.808,849.3508,126.28102,1076.2454,-636.7012,962.3082,1526.8281,892.6323,1755.6744,878.6007,-438.1293,1775.3439,767.37506,436.30847,1844.4615,1489.188,-392.91876,2269.8809,584.0901,717.12994,2406.3943,1294.8588,143.14557,2716.7878,331.21698,936.6537,2420.7273,1222.938,224.84497,2761.1113,250.67531,974.2916,2529.3118,1379.3783,479.24716,2952.2527,407.4072,1013.4999
IMG_5995.JPG,371.156,360.63452,499.30606,366.26862,301.08813,447.82574,370.7751,295.38586,447.7203,375.73602,288.75653,447.5747,369.1366,299.70126,587.22437,375.77618,293.86676,587.19275,382.77814,287.5051,587.2696,439.07254,255.19016,273.73425,444.97205,259.33224,893.6163,407.42273,376.21924,439.16385,412.95813,372.1415,616.9849,579.92706,344.6035,-179.20131,694.40063,392.5305,1234.3942,191.58177,405.92474,-405.4772,780.8384,744.38165,1402.5055,-39.28315,384.4829,-49.42945,679.62714,1121.4724,1128.5566,-120.643684,362.75552,-141.1525,578.9595,1137.7587,1170.0312,-99.77447,369.6392,-50.371376,580.36694,1144.827,1022.08905,-62.035606,378.78888,-9.912307,619.4546,1144.2738,1060.9346,1387.3369,585.89264,-428.2154,1434.4885,499.38693,425.99295,1457.5515,1217.9003,-521.0573,2032.2946,393.6767,553.36865,2048.0715,1160.9425,-105.924286,2630.5698,182.57693,383.31808,2071.8374,1076.6178,-39.46589,2709.6072,115.62233,375.97418,2272.7522,1228.521,61.053024,2856.87,301.24316,330.077
IMG_5996.JPG,530.7888,491.49286,1343.643,538.2417,434.17706,1326.882,539.6274,429.37973,1326.9828,540.65875,423.25046,1327.1602,545.1276,434.43735,1460.0428,551.74243,429.91736,1459.7671,558.0368,423.7007,1459.8635,577.5203,405.69983,1170.0828,601.4815,400.15854,1751.5885,552.3361,521.4054,1274.9081,560.32574,521.4243,1441.5168,611.37805,511.73743,569.0795,892.0787,547.21576,1948.9182,359.21625,617.8319,504.1565,1016.3995,892.81177,2335.5632,78.30194,739.4106,1251.7095,962.7039,1221.3284,2360.0212,0.29257774,735.94366,1262.7765,889.8233,1239.9238,2387.803,38.587845,723.59766,1265.9261,872.1561,1248.2963,2276.4238,78.999344,726.1353,1274.2264,898.9163,1243.6221,2313.9927,1305.3431,736.09595,-409.98035,1436.6133,682.2503,409.03162,1440.6442,1350.8718,-1041.0039,2095.4763,571.5561,-669.02795,2038.127,1452.2727,-1520.6782,2742.054,372.72656,-1989.285,2156.278,1217.4708,-1570.3663,2862.892,302.6326,-2136.0525,2126.1194,1383.6986,-1761.446,2913.1353,416.8828,-2462.9634
IMG_5997.JPG,753.7206,333.82935,1989.602,731.3808,301.26385,1977.9003,724.0099,300.7496,1978.2369,716.76666,300.8348,1978.5078,753.5059,298.17197,2038.8473,761.44037,297.17188,2038.9127,770.23254,295.35477,2038.5975,715.72284,298.84863,1707.6212,791.58453,287.0248,1971.0907,761.30035,347.91934,1876.9231,787.3354,348.81775,1950.759,624.83185,429.3599,981.76355,989.1168,364.73666,1854.1123,390.35138,589.09106,862.7216,1006.47656,730.6923,2005.4199,249.69774,591.13617,1272.3595,1067.3542,1092.6973,2061.8396,156.72327,609.4211,1228.8223,1028.516,1140.0729,2102.6836,209.99959,591.7036,1310.2084,1015.1411,1142.761,1976.7084,250.74353,590.91565,1310.4679,1035.5212,1123.6637,2015.1693,1101.7273,705.4304,-204.05423,1312.2344,591.25574,201.18176,1240.3271,1392.0768,-268.16458,1860.6711,525.1941,-292.77927,1769.4718,1500.4806,-1022.89996,2361.5818,246.14764,-1575.2817,1827.1047,1413.4563,-1092.2341,2419.8755,210.13493,-1713.8188,1961.6884,1627.7668,-1157.3346,2537.5396,166.11646,-1958.4467
IMG_5999.JPG,832.9005,736.76245,1060.5441,819.70624,697.699,1093.341,818.43915,692.3417,1093.3207,816.8879,687.21564,1093.56,829.48724,701.87604,1171.5471,835.8539,699.4344,1171.4491,843.5966,696.69183,1171.3303,838.15594,670.2663,1080.2015,881.71704,683.3287,1429.1954,859.6151,734.6341,1032.5603,871.331,744.26184,1133.7865,896.006,667.377,692.8021,1066.4019,757.1002,1441.4907,686.2283,753.9747,249.78453,1201.7533,1028.6742,1514.9098,400.98572,774.01135,197.2392,1175.2411,1317.2158,1408.351,346.82336,759.9294,165.01027,1153.1587,1359.8759,1426.839,364.4374,745.60455,198.26956,1138.7527,1367.4896,1390.4414,390.32272,750.7567,212.64653,1149.9644,1356.6453,1393.2122,1388.9413,878.1599,-236.52483,1457.755,874.37866,233.81189,1503.4713,1315.4386,-908.9454,1779.8512,960.8892,-148.22873,1874.7628,1180.2977,-1956.7721,2256.0554,609.44617,-1552.2766,1923.2924,1095.3105,-2067.7017,2261.4954,535.7215,-1710.4199,1986.1537,1362.4308,-2242.6326,2433.4656,638.83185,-1851.0575
IMG_6001.JPG,951.3417,511.18582,1654.279,947.33734,462.13013,1659.7408,942.2717,461.54993,1660.0763,936.0558,459.54492,1660.5037,968.1944,458.7853,1740.8848,979.0113,455.31406,1740.8304,989.97,452.865,1740.6326,949.56146,451.74057,1483.6396,1033.6361,444.04132,1855.1373,988.19714,516.3183,1570.2515,995.493,520.3011,1676.9375,937.24255,494.17566,909.61395,1223.2487,530.7166,1760.7681,738.8821,587.36066,436.5102,1277.6168,825.8175,1806.1411,501.98862,549.238,409.75998,1252.7802,1173.7095,1795.9023,438.122,492.57593,393.58554,1229.4258,1217.4243,1842.0088,455.09845,472.4162,432.2493,1215.4839,1211.4811,1793.0944,477.33423,493.42783,436.04105,1227.9473,1194.9689,1780.3226,1347.1559,827.43945,-288.91226,1511.513,771.0976,285.18875,1404.3329,1315.7301,-366.4897,1889.9028,792.3119,210.47513,1760.6285,1253.2865,-2068.1592,2307.6895,637.64624,-1966.999,1809.4279,1202.8446,-2245.3225,2291.1482,580.7129,-2208.7446,1906.5902,1436.6345,-2228.3643,2513.6257,664.13574,-2328.2026
IMG_6005.JPG,3423.2258,92.17594,2163.4856,3376.1038,62.996872,2132.9785,3361.9565,54.119118,2132.8142,3347.6895,45.483475,2132.6335,3454.2378,79.74729,2059.212,3460.084,86.20988,2058.9077,3486.0564,83.014626,2057.7385,3293.3362,41.14876,1865.1882,3456.406,124.1795,1532.6857,3319.442,134.2393,2071.1123,3383.272,154.20215,1970.6222,2978.712,134.51149,1904.2789,3342.1199,343.5795,619.26984,2665.6274,393.3462,1870.0706,3271.4504,782.40753,190.38199,2486.3115,679.8084,1893.1675,3219.3826,1222.744,301.75964,2422.6594,732.2935,1917.9784,3314.0564,1251.1903,257.9104,2454.9995,754.9728,1886.9244,3321.5781,1232.6995,349.40375,2485.2964,740.8276,1869.9559,3283.6343,1222.9625,340.74063,2290.4895,457.9962,439.6886,2409.5093,503.4855,-441.16406,2104.7764,1165.231,-2.6577032,1771.1824,531.9356,-1134.4108,1617.6932,1062.9381,-465.2681,1021.8999,358.87616,-2082.9055,1521.8956,976.86383,-554.36066,896.00867,283.81708,-2187.7368,1525.5565,1387.0826,-705.33765,800.0586,568.66895,-2538.8162
IMG_6006.JPG,2601.1216,353.19357,111.0152,2620.1653,276.7266,156.19794,2613.2493,267.6231,155.62921,2605.3816,257.06265,154.58559,2617.6445,272.36,-33.722214,2610.4395,262.4156,-33.930786,2603.276,252.37488,-34.371796,2516.4788,192.1512,510.17764,2529.4153,208.96472,-337.4836,2527.6077,365.8968,270.96082,2523.9026,359.53717,22.43615,2083.2244,370.5453,1143.7561,2215.553,399.00757,-862.27496,2078.214,808.3522,1378.9094,2206.2634,986.3791,-912.85474,2029.469,1152.5012,1253.1095,2181.57,1496.9469,-597.931,2091.2456,1158.3807,1284.3962,2285.7458,1572.8569,-810.73224,2126.6924,1174.3998,1099.6033,2309.4197,1544.0363,-662.7575,2108.364,1184.0839,1164.7522,2274.6714,1519.1155,-549.5822,1025.6127,520.6739,547.54144,1012.50507,338.46603,-546.10596,782.5278,1249.3085,-193.89963,101.88147,436.95938,-1024.223,-6.020136,1034.2505,962.8672,-331.9659,355.62338,360.84656,-46.358624,892.4294,1074.9385,-317.87054,332.9964,506.00674,-361.3647,1253.6409,838.6527,-656.10095,350.92947,222.99855
IMG_6007.JPG,2584.7686,867.19714,-1972.132,2606.597,757.86633,-1921.7306,2607.2617,751.1914,-1922.7773,2608.157,744.5287,-1924.2734,2580.016,747.7625,-2068.5388,2561.5066,735.0082,-2068.9458,2542.1882,722.5143,-2069.712,2496.0454,673.557,-1463.4512,2428.2507,660.5119,-2135.881,2500.23,923.01184,-1776.7009,2463.0461,897.7425,-1972.3403,2158.71,708.5269,-965.66394,1832.634,993.27594,-2182.359,2787.2659,1077.7782,-473.7535,2013.9584,1802.8373,-2448.8215,3323.8767,834.8233,-328.17728,2335.0068,2453.9688,-2364.2544,3381.161,967.37244,-444.1017,2411.6492,2660.9568,-2672.9114,3340.5151,985.48285,-532.9182,2535.7004,2582.5127,-2566.5532,3316.9111,847.1571,-370.36304,2507.2646,2508.4211,-2353.0308,973.9212,1047.1473,456.25885,700.4074,1047.5183,-453.23068,939.638,1750.5767,581.21173,184.62143,1301.445,112.16599,228.44746,1495.9807,1742.0525,-184.73117,1177.7485,1102.8175,150.30014,1405.3615,1854.4583,-223.2225,1081.1766,1204.4849,129.42522,1771.9232,1758.0398,-309.27707,1413.0013,955.8149
IMG_6008.JPG,2007.8336,502.19806,-1117.9681,2008.124,460.2045,-1088.4749,2011.2236,457.41055,-1088.4686,2014.5618,454.772,-1088.8885,1985.3942,459.95612,-1178.9868,1972.6536,456.52527,-1179.3304,1958.9482,452.83896,-1179.4407,1977.5037,437.89584,-840.8643,1905.2025,435.6062,-1257.1614,1998.2672,523.61914,-1012.8575,1966.976,519.27155,-1134.026,1936.1991,501.92288,-563.6536,1728.7429,559.28296,-1275.8428,2115.0881,553.6662,-371.02792,1765.7982,837.77563,-1323.5509,2427.3992,590.81366,-449.7667,1831.7059,1079.0867,-1377.4409,2493.9617,585.37354,-513.01,1897.772,1107.577,-1537.1849,2497.444,575.0122,-602.10187,1904.3268,1096.728,-1519.4177,2326.5056,571.7441,-495.3943,1877.5974,1085.3619,-1379.9006,1459.3163,690.456,226.49971,1393.3411,621.9312,-226.88335,1410.272,998.5917,332.1578,1064.7745,522.16205,17.207172,1130.0286,954.25415,1080.3558,787.6868,410.85425,531.2888,1108.7781,906.6071,1155.2186,766.8158,378.38184,579.43164,989.64954,1004.15076,1091.0225,614.0908,486.3399,360.86
IMG_6024.JPG,797.7338,449.6385,-255.21507,741.2689,424.51028,-353.6351,739.9378,420.82544,-353.4718,738.6709,416.9531,-353.4279,744.28546,415.75687,-211.40297,745.30145,406.38086,-211.60455,746.9576,396.83307,-212.01418,758.3419,367.6838,-564.8602,775.1177,346.2117,65.03603,843.8201,440.90662,-301.19128,848.74194,430.7671,-119.74266,942.8932,362.58505,-804.12415,1103.012,211.30144,501.7595,537.3378,519.3571,-1267.091,1244.0024,612.1273,753.6352,73.44949,594.2824,-1231.6001,1192.0184,1007.83795,437.25555,-28.662338,600.8887,-1384.637,1118.532,1021.2958,418.8546,-31.531258,578.36145,-1283.8911,1106.5481,1033.0284,269.54507,-0.8020973,577.8018,-1197.2224,1138.2167,1024.2964,365.98166,1836.7756,485.76822,-415.70337,1848.1691,364.85904,413.0676,1907.5466,1024.9519,99.870964,2380.512,328.4439,869.353,2473.1167,850.9812,1048.6876,2845.3333,141.62651,1351.7332,2526.7202,786.6346,1160.5516,2910.2385,83.83074,1410.7286,2569.1484,984.9672,1322.5282,3002.3838,236.18987,1386.7704
IMG_6025.JPG,237.34433,472.64893,106.03062,173.0516,430.9354,-7.2586827,167.8751,421.93173,-7.0684843,160.75537,411.03397,-7.1224017,174.53737,433.2472,135.17802,171.01825,425.3565,135.07904,165.95724,416.21362,134.78796,170.4033,336.2904,-243.99112,190.21036,341.3592,389.66013,288.37476,458.4459,43.892696,293.29245,462.68933,228.44101,475.64517,295.08777,-454.16525,616.8892,282.64542,771.2936,368.04456,352.05234,-1027.4135,786.27734,634.35736,1124.6152,142.5311,433.7664,-1299.5011,776.9259,1026.5463,1036.571,54.56192,418.94055,-1442.171,685.1146,1061.3564,1053.9121,36.01906,411.3548,-1381.9106,674.85297,1066.0126,896.194,72.72912,418.9189,-1288.6266,714.2233,1053.8058,969.4023,1393.6943,516.8056,-406.2726,1442.3232,367.7998,404.61783,1414.3787,1197.2435,-366.3376,2084.8782,420.62195,636.0343,2040.1394,1087.805,84.03999,2731.6267,274.3111,744.4508,2096.6584,986.98456,160.16081,2833.7556,211.02496,765.9114,2331.0354,1219.8868,430.5797,2937.3818,414.43732,705.58136
IMG_6027.JPG,799.1227,522.5686,1934.2634,767.4177,491.42178,1922.9099,763.61475,489.16553,1922.9698,772.5283,474.4437,1922.2941,778.9053,493.60846,2044.2549,800.7646,478.1883,2044.5028,805.0708,478.92,2043.5258,822.3262,480.9624,1691.9133,838.6869,459.23984,2251.9778,824.29224,516.4023,1824.2932,853.11896,510.36395,1985.5133,803.23315,425.38724,1220.5944,966.1855,487.6429,2093.003,681.59503,471.99118,1330.6799,884.56165,612.1234,2798.4119,514.65,582.2253,2225.637,573.8335,589.523,3595.103,482.56665,573.97015,2343.065,521.3226,567.962,3723.0513,485.55966,574.10974,2355.2942,500.85114,565.7055,3733.7876,506.86743,575.5574,2259.7737,513.89,575.0281,3611.9792,1216.5531,659.16956,-162.63629,1385.4272,671.573,161.40167,1291.4589,1259.712,-944.3323,1868.8893,743.6035,-821.7382,1657.756,1426.2145,-1711.8453,2525.8953,638.3572,-2185.8406,1859.7683,1413.4105,-1770.0186,2573.4907,598.4743,-2325.1533,1858.0087,1610.0435,-1839.0793,2668.084,656.9643,-2597.7883
IMG_6029.JPG,754.7254,546.38354,650.2008,726.79926,511.99423,598.3986,724.3478,512.74756,598.6121,721.6857,513.6366,598.8578,738.1114,508.14056,675.22107,745.3417,501.3639,675.10077,751.2114,498.4116,674.85126,734.6803,521.73724,381.46442,783.9241,480.91223,721.4845,782.2339,571.02625,571.7848,797.52356,568.2422,669.08246,837.2602,596.04236,-19.452784,1016.05524,482.9793,847.41034,680.90735,742.0601,-97.24324,1168.272,747.6557,997.4591,487.64117,809.3462,291.91428,1260.4547,1018.04596,818.5504,429.77835,826.00214,280.89548,1240.5212,1046.5153,846.06396,443.18918,801.7924,312.067,1228.1213,1053.1915,736.42554,471.73077,797.9596,318.6486,1240.1836,1042.8298,778.45483,1410.3374,676.00586,-275.4655,1496.1648,550.97205,272.574,1431.3973,1091.4679,-24.39345,1891.2062,595.2768,460.37943,1827.3915,956.61646,-430.9845,2330.367,448.2822,-387.67184,1859.009,871.6499,-459.0892,2387.6877,351.09207,-476.42075,2063.8164,1035.614,-343.48193,2514.8896,558.66815,-531.843
IMG_6030.JPG,1156.4417,521.3169,1871.8308,1121.9249,474.37753,1863.0844,1111.3386,483.04242,1863.5238,1103.0254,483.2101,1863.843,1145.3151,468.16678,1950.8629,1152.7557,465.0258,1950.6996,1163.9712,452.36536,1950.4917,1096.1631,465.47675,1609.7593,1175.738,440.89624,2006.0594,1161.4432,485.62524,1759.462,1188.1449,481.08838,1873.8229,1093.4058,451.59238,917.81647,1361.2578,386.7848,1918.1299,906.33093,601.03973,560.4609,1441.0684,663.0968,2292.6208,693.87335,708.5261,816.4643,1458.2391,930.82574,2768.694,612.32513,732.9053,803.8133,1456.4456,959.4062,2893.7058,631.4363,714.3628,880.34033,1434.9122,968.5501,2863.699,659.6223,708.0241,852.5089,1438.7435,960.5799,2765.7798,1534.9001,551.6721,-293.64148,1677.1467,483.5483,291.5542,1558.8036,1002.4742,-473.26575,2110.7683,517.69885,-223.57204,1983.1053,935.873,-1444.1301,2580.8052,407.68747,-1849.8324,2030.1552,865.844,-1541.6057,2627.7598,400.9175,-2037.5565,2220.445,1055.5605,-1529.1162,2752.82,504.1107,-2290.5334
IMG_6031.JPG,831.9455,488.02136,2421.0203,813.31323,473.74994,2423.0884,804.7744,476.3855,2423.847,796.56866,478.76233,2424.0674,834.46313,463.01132,2463.3406,840.4708,455.71915,2463.1467,846.28973,448.19928,2462.318,782.7428,468.4333,2176.157,850.4957,430.30386,2359.283,828.41943,497.1569,2304.923,849.9712,481.29578,2355.0154,723.5837,532.9014,1504.3455,926.44666,428.70767,2072.8281,547.5024,605.0594,1648.687,974.07587,669.35925,2404.9094,408.36353,667.2088,2406.773,870.0723,876.8348,2886.7104,363.37442,689.109,2505.4912,855.4178,909.5297,3000.8884,381.37903,685.28546,2539.4993,832.7752,938.48773,2955.0186,395.04816,674.2737,2439.2888,832.0758,933.74146,2887.73,1074.4191,596.73444,-204.89514,1233.2405,484.68127,203.28557,1111.6584,1099.7921,-446.59354,1690.4492,617.7822,-537.91833,1551.358,1087.0137,-1614.6035,2237.1868,500.34747,-2179.6501,1626.2612,1008.8438,-1731.0449,2306.2798,503.4259,-2367.4998,1792.9248,1239.7875,-1744.4833,2320.4497,551.4524,-2644.3975
IMG_6034.JPG,2823.4329,650.68317,584.1109,2871.8315,616.41785,622.27936,2870.2256,607.0365,621.97784,2869.7615,597.61847,621.5092,2883.4346,621.8089,466.8595,2888.5093,616.85596,466.90173,2893.7146,611.94855,466.6366,2864.179,524.54004,833.29926,2885.685,550.09326,132.06569,2761.1758,619.8301,682.98206,2774.0461,624.4451,473.73346,2590.363,342.0516,1207.7992,2741.6711,438.42245,-296.30145,2462.3347,699.97406,1613.6454,2759.776,897.12415,-388.67252,2464.096,951.24713,1926.8627,2902.3328,1292.4014,194.54077,2486.7627,955.9355,2056.5679,3016.8547,1313.9419,174.84554,2525.2524,960.16125,1977.4469,3017.3887,1274.981,302.42,2515.2874,973.5342,1905.2644,2971.986,1265.2888,262.78668,1799.1003,702.1902,404.9608,1765.8414,623.8554,-406.29025,1850.7555,1288.2922,-206.70018,1067.0819,792.00037,-756.4101,1293.9106,1422.6215,-60.002808,305.54315,666.0739,-1100.2599,1147.2509,1351.5325,-51.54097,209.25581,596.9617,-1130.7947,1092.2482,1708.8531,-193.16548,126.583984,776.8408,-1471.6201
IMG_6035.JPG,2311.59,554.0069,-39.823887,2388.518,530.6152,-8.843753,2391.7656,525.7767,-9.310826,2395.0103,520.1822,-9.922892,2386.4597,517.30194,-185.38269,2387.751,504.2661,-185.39447,2388.929,490.0972,-185.5739,2381.1924,415.58344,242.48988,2377.335,399.2971,-566.79926,2249.053,525.9108,84.84826,2248.221,511.9573,-154.92297,2055.7273,175.26114,659.37506,2083.7095,293.23645,-925.109,2339.6108,524.9396,954.57935,2126.3638,883.173,-1165.4513,2788.888,522.2227,747.90607,2282.8206,1440.2733,-870.11365,2931.9707,525.0008,736.8583,2422.1426,1506.7355,-1034.0739,2944.1135,513.49615,615.87317,2446.4592,1455.1715,-898.4097,2883.3323,520.7981,687.7944,2395.8389,1435.6046,-813.21545,982.65533,437.0601,481.5528,930.05493,405.43527,-481.16208,1099.2261,1118.9473,440.3173,617.8771,934.04193,-390.66177,323.89374,1238.9277,827.05096,168.63373,1047.0801,61.090054,179.47488,1142.1034,850.8247,105.467926,1019.4979,116.00754,107.69158,1424.7734,743.6688,-193.4583,1250.7712,48.578926
IMG_6037.JPG,1877.394,593.0416,-979.2256,1908.0621,575.7202,-964.5404,1910.0298,573.9966,-964.6263,1911.9658,571.94147,-965.0514,1901.4603,566.43195,-1066.0692,1898.515,558.2805,-1066.1499,1895.1543,548.9764,-1066.26,1897.2042,522.0791,-785.51746,1870.331,494.40485,-1253.0657,1848.7068,584.7831,-893.3391,1840.4624,572.356,-1029.3899,1829.8513,475.40198,-579.1405,1696.5242,442.46365,-1327.5935,2047.0197,571.59796,-540.19904,1636.5504,695.42487,-1588.8873,2291.9397,654.9146,-860.9816,1683.7843,934.6058,-1708.0085,2350.979,675.1558,-985.874,1735.3578,961.6637,-1870.4895,2351.9805,677.28143,-1053.0806,1751.4266,955.63837,-1835.1252,2329.1865,671.3639,-913.88983,1735.8917,946.80164,-1702.9825,1425.2352,580.8281,240.08946,1333.865,489.127,-240.354,1431.1113,853.1413,221.55298,1046.8037,470.09393,-84.77346,1167.5747,768.532,1059.8505,781.9491,398.45538,526.76733,1126.2854,722.94995,1137.9038,753.42065,355.53613,576.1351,1017.38165,826.1393,1040.7131,644.2387,461.76205,294.22552
Screenshot_20230220_022718.png,277.66544,319.37686,-331.73517,282.67093,313.48935,-331.56766,284.0384,313.2002,-331.583,285.5217,312.85852,-331.7351,278.17273,311.60822,-347.06558,276.23584,310.09998,-347.13965,274.3121,308.5742,-347.19998,282.31406,305.05243,-288.40735,267.55676,300.8813,-359.92017,273.90814,319.83896,-309.88177,268.55032,316.7047,-330.92264,276.08322,297.98077,-237.11758,212.97342,310.67352,-338.1868,330.93362,314.05682,-223.93307,214.85274,377.98434,-366.909,395.33365,330.29602,-270.90805,226.91507,445.45197,-397.5581,412.4718,327.29395,-304.4867,239.4349,458.25436,-441.69632,411.06534,327.85123,-319.4179,243.22072,453.74017,-435.29037,404.67957,329.72534,-280.682,239.05872,449.28992,-398.6125,176.96718,333.4081,37.20765,147.47017,319.03748,-37.24613,177.99579,410.65256,45.63255,81.89636,315.48325,108.81062,118.234085,406.55157,235.18202,29.880167,293.69012,318.61487,112.42452,398.93753,255.51884,22.864624,283.28668,338.30557,88.52095,417.97372,235.14377,7.208101,310.63055,293.37155
Screenshot_20230220_022743.png,299.68738,303.5993,-268.1505,306.70963,298.39178,-273.30972,307.9224,297.3515,-273.31583,309.08035,296.26245,-273.41736,302.86194,298.199,-286.86407,301.3229,297.18823,-286.92947,299.7291,296.23114,-286.9787,307.1919,282.00653,-251.92986,295.41718,285.29785,-317.192,295.88672,299.26968,-254.43863,291.0346,299.0195,-273.47134,304.7867,251.24303,-214.70221,235.37102,276.1804,-307.81247,357.74292,287.3248,-199.6762,228.60236,335.66016,-369.1644,415.43903,319.47836,-239.68758,239.20471,399.4995,-414.87885,432.09433,325.10724,-266.87686,251.61075,410.35336,-454.72577,430.94672,330.03506,-282.85547,259.2563,406.34222,-448.9134,424.4886,329.2728,-249.02354,255.1175,402.6487,-416.17084,187.51862,269.78204,42.226536,153.8742,264.8674,-42.30736,189.01642,321.7481,166.81099,84.7286,248.7008,69.52591,142.53624,310.42984,321.57886,17.39112,202.81876,190.14584,134.76358,312.01416,336.84653,13.778021,190.86366,201.18513,122.8169,318.4939,343.3151,-5.6250215,215.6862,171.2719
Screenshot_20230220_022953.png,322.52164,357.36615,-272.51205,331.42767,349.30017,-279.0142,332.57336,347.96707,-279.01028,333.41818,346.44003,-279.1179,326.02515,349.93634,-300.07712,323.8325,349.31784,-300.01685,321.57596,348.74112,-300.02374,324.71213,335.51608,-258.93805,312.39484,342.14767,-357.89108,315.272,353.83463,-258.0606,310.58856,354.97815,-287.04886,312.7257,311.8524,-195.13652,260.41034,353.9473,-378.96255,369.66345,338.91562,-179.96104,259.99796,405.52658,-465.1066,429.63956,377.7241,-257.37668,269.55627,463.43088,-532.4334,451.7582,381.69186,-293.49338,281.42276,476.95477,-587.4693,448.91684,391.2407,-314.54404,286.84534,472.74506,-584.0192,441.48557,391.1137,-271.56345,283.1937,467.62448,-536.44244,188.68744,308.34744,84.38839,158.18562,316.89822,-84.500275,197.27675,384.37805,228.85678,89.69812,295.4885,34.33815,128.91388,348.75323,450.89615,15.040732,251.24988,197.54881,120.79766,340.05182,471.91592,11.141342,240.33922,211.57748,106.52899,360.06427,460.24942,-12.743252,266.95685,146.33524
Screenshot_20230220_023118.png,314.22678,284.71692,-18.983902,320.3802,280.7106,-10.380182,320.53973,280.34158,-10.381878,320.77118,279.93317,-10.381085,319.87402,279.19205,-34.72179,319.55215,277.79056,-34.749775,319.27722,276.33716,-34.78116,317.22562,270.87485,36.831993,315.58524,268.67975,-76.19867,309.17194,284.5779,0.5096961,308.53928,282.70834,-32.727318,286.24207,267.5133,102.302284,287.28833,269.29764,-138.09286,334.48444,282.5485,155.0931,286.36874,317.45685,-191.76613,373.23773,293.531,122.61681,291.15237,364.32474,-181.74744,387.85687,293.10806,116.60424,300.77652,371.9712,-205.68387,387.7065,293.34433,101.253716,302.10956,369.27908,-195.14319,383.29916,294.1092,112.64458,297.98004,367.18375,-176.78226,193.62486,306.33453,76.35203,190.70825,291.55426,-76.40169,192.33989,369.19333,4.5374446,116.58567,293.8494,-159.87358,125.75887,365.54776,88.74289,36.69214,266.84637,-156.87991,117.56945,353.622,94.85355,26.87738,256.2961,-158.33244,93.3759,381.76562,64.99654,2.9448726,289.55893,-227.81087
Screenshot_20230220_023240.png,314.39282,324.956,-39.96402,320.11954,319.60596,-31.208866,320.26346,319.19415,-31.219309,320.4392,318.73492,-31.215342,319.11533,318.5092,-56.03698,318.51337,317.3534,-56.061886,317.93387,316.17612,-56.102013,314.2895,310.73288,14.830961,310.73538,308.45187,-100.804405,308.15417,326.08527,-20.729109,307.26212,324.44165,-54.524597,290.19867,311.56076,75.1812,278.9925,311.54456,-155.57002,335.78928,323.8301,106.36371,298.5233,349.9697,-214.03435,379.22885,328.31686,50.358192,315.4136,398.80405,-207.6148,393.2698,326.06985,41.524925,328.53156,404.3165,-233.01761,393.82562,325.97775,26.96693,331.8109,401.84232,-219.01845,389.6348,326.84738,40.04824,327.04727,400.81787,-202.00258,190.52243,349.96518,74.5293,179.26372,339.1312,-74.551056,195.84398,411.81857,40.080204,105.640656,352.23007,-90.82073,124.668236,406.74307,131.21446,26.950954,335.8111,-42.960354,114.99787,397.5481,138.00978,15.106272,327.27094,-41.510647,108.149315,431.82913,114.28138,4.60224,366.00784,-112.68545
