IMG_4569.JPG,1070.9603,1379.2548,-821.0383,1098.8274,1338.3558,-863.26666,1109.4763,1338.0635,-863.0669,1121.3054,1338.5802,-863.1243,1084.6443,1336.9072,-765.3787,1085.423,1335.4746,-765.4401,1086.7749,1334.1736,-765.6387,1194.1707,1355.804,-890.1845,1145.1274,1347.8333,-450.78784,1111.4095,1424.8596,-823.7634,1087.5801,1420.5536,-696.54816,1342.2959,1597.4917,-1045.0288,1121.5883,1584.6301,-103.47174,1278.3002,2025.7021,-1087.4215,1103.5745,1914.8046,35.042843,1179.6481,2338.3728,-994.42883,1084.6528,2244.8096,-171.95903,1181.7183,2447.2725,-1106.6863,1064.4781,2338.792,-210.29004,1129.2339,2436.259,-1141.5094,1084.7533,2349.527,-328.07538,1107.9369,2415.9087,-1003.4287,1106.77,2320.3484,-226.32526,1485.288,2111.326,-294.1272,1286.7551,2056.1904,293.05542,1278.6459,2147.6272,-1368.7001,910.14856,1945.8118,222.47452,1473.2473,2520.5654,-731.27057,1106.6975,2264.5405,637.45044,1538.4081,2553.8704,-660.207,1189.3716,2291.2126,680.6165,1403.5769,2758.4648,-882.5654,1013.65594,2425.646,621.67175
IMG_4570.JPG,296.78174,1048.4308,-1165.5942,333.9365,976.87714,-1220.7775,352.2552,975.7294,-1220.7021,377.1603,974.04535,-1220.9215,309.0682,974.84576,-1101.1095,308.32602,971.78644,-1101.218,308.06134,968.2031,-1101.479,520.36304,1001.264,-1261.2239,425.126,988.6864,-732.05536,344.78906,1122.5927,-1169.6528,315.2532,1119.2095,-1016.0215,767.6908,1390.7542,-1356.0939,440.6113,1312.1964,-318.48755,831.86285,1920.6534,-1206.8593,512.05536,1758.3026,-92.01869,760.7325,2278.874,-966.5435,572.1032,2116.9304,-242.01506,796.69196,2395.74,-1087.1346,530.81445,2221.2341,-268.7605,740.4321,2390.6814,-1144.9144,568.8386,2222.3306,-397.20047,712.1069,2347.114,-982.7681,596.22217,2187.3691,-297.6904,1006.38043,1940.4617,-305.34842,749.06824,1882.3883,304.5007,835.4923,2216.7527,-1177.9315,263.27194,1687.0056,272.8665,1065.1276,2383.0425,9.901261,536.0751,2068.226,619.6357,1133.425,2394.252,144.1055,596.4961,2094.6619,667.136,946.85706,2636.5007,143.5903,365.93774,2183.5918,728.4223
IMG_4571.JPG,1117.0619,993.77216,-1378.0072,1201.8302,942.9813,-1387.775,1237.8911,946.4268,-1387.4646,1277.1946,949.2874,-1387.2189,1133.489,934.27826,-1296.542,1122.4956,931.11414,-1296.367,1111.4877,927.83264,-1296.0767,1358.9933,983.8428,-1234.4794,1113.7068,1015.4741,-840.7352,1197.0839,1069.2721,-1306.8934,1125.5267,1057.4912,-1191.3062,1440.5693,1349.8563,-1372.9497,1265.9517,1287.4585,-210.88315,1425.3807,1824.151,-1170.0323,1295.7325,1719.2122,185.40721,1266.198,2127.4539,-859.51337,1249.1299,2058.7449,2.6886175,1259.744,2223.5266,-934.0816,1198.6018,2168.0132,-57.13551,1212.7936,2210.282,-991.3219,1242.3658,2164.266,-149.40984,1218.4215,2180.3857,-869.5393,1278.8942,2131.621,-47.11324,1709.6666,1984.815,-388.36847,1497.2894,1931.7212,387.7483,1303.984,2181.9897,-999.7198,1133.4181,2038.9481,235.61493,1590.2333,2494.4324,-235.13506,1428.3074,2306.0212,633.6989,1682.0674,2547.765,-144.32814,1526.2793,2337.3938,676.6997,1391.1223,2709.1191,-49.426754,1348.1334,2490.0066,793.37823
IMG_4573.JPG,1144.3027,1326.6129,-3288.7122,1196.2394,1256.4749,-3216.3694,1221.9949,1253.4388,-3216.4443,1244.9514,1250.9554,-3216.9534,1100.3881,1260.5627,-3228.5342,1066.5121,1256.6677,-3229.1897,1041.0728,1252.1719,-3229.5842,1275.3036,1260.8475,-2605.649,984.179,1255.085,-2653.0056,1178.8502,1387.0526,-3040.9355,1075.024,1391.6962,-3055.294,1388.511,1543.5215,-2042.3468,761.4854,1558.1497,-2163.6636,1338.0569,2021.9841,-2059.0874,789.1878,2053.0269,-2183.3062,1281.2136,2428.7332,-2337.9187,782.3213,2440.0305,-2501.7114,1322.4982,2537.9783,-2516.2441,736.5071,2553.641,-2720.115,1232.0782,2548.9092,-2618.9707,785.37317,2562.8875,-2811.2742,1219.0464,2514.855,-2384.297,818.3351,2521.6301,-2550.5127,1201.005,2006.7554,-8.238364,897.1237,1993.4902,6.8197045,1609.5088,2224.5872,-1305.4503,454.3429,2223.7966,-734.65375,1334.3263,2326.71,648.5792,680.1473,2321.0474,1375.3068,1288.392,2309.373,840.9359,727.45447,2318.1548,1582.0525,1454.0956,2539.4463,550.9428,535.43555,2547.1763,1386.7424
IMG_4574.JPG,1097.4596,1304.2113,-1775.3387,1156.6068,1252.932,-1761.3492,1184.1176,1253.084,-1760.9049,1206.644,1253.281,-1760.9176,1060.2294,1247.1587,-1705.8651,1039.1392,1244.7915,-1705.936,1021.92847,1242.964,-1705.7333,1267.7214,1275.6062,-1513.3733,1016.6628,1263.5621,-1271.7031,1154.6422,1372.0985,-1672.7672,1065.2461,1368.7986,-1603.8894,1442.0054,1619.0945,-1442.8978,973.54944,1509.5948,-843.8251,1368.0767,2100.195,-1399.9296,981.6119,1923.9161,-594.84094,1257.2006,2468.8357,-1463.8353,925.76044,2259.2566,-782.92706,1270.3599,2566.9084,-1594.7861,880.94116,2380.12,-869.46704,1225.5809,2569.3206,-1669.0398,914.10754,2396.7346,-974.07007,1213.8097,2534.473,-1488.6315,929.1592,2357.5913,-832.3304,1386.5236,2015.6221,-170.40045,1127.8103,1976.0472,169.34135,1498.9132,2337.5366,-1325.2723,725.3791,1946.5557,-510.8483,1531.6106,2441.0674,25.624374,1014.44464,2209.118,301.51224,1530.2059,2415.641,168.04631,1102.6581,2222.8892,386.9357,1553.2454,2724.2178,64.571045,942.3251,2410.9414,309.8354
IMG_4575.JPG,993.9874,1517.8499,-2972.053,1054.5325,1451.7263,-2947.8958,1091.5223,1451.6824,-2947.5427,1119.0371,1451.7551,-2947.8262,948.46985,1441.1855,-2914.8923,919.53064,1434.18,-2915.386,895.39575,1428.2437,-2915.7766,1199.3788,1453.1456,-2530.1733,870.0817,1432.4376,-2385.642,1071.1182,1593.6993,-2795.0369,949.7535,1581.8875,-2754.4456,1393.814,1765.1174,-2111.782,751.534,1691.3822,-1979.1525,1312.7827,2322.223,-2211.576,782.7018,2220.2756,-2028.8103,1204.5969,2678.0823,-2442.9014,834.5247,2598.8486,-2275.9636,1222.4106,2782.8718,-2638.279,796.50635,2708.1929,-2467.455,1170.3251,2786.6125,-2694.8047,872.10864,2713.6384,-2531.0828,1149.7794,2751.7166,-2465.6938,900.5905,2676.2708,-2311.3254,1224.6791,2185.9902,-35.388664,924.39325,2152.083,33.91538,1576.5677,2529.8728,-1130.1403,452.32852,2324.6252,-886.9832,1401.1443,2558.3464,789.486,817.435,2421.6665,855.53937,1342.4866,2522.117,982.6381,877.29193,2390.964,1036.718,1504.7616,2797.5308,837.7951,708.4819,2603.9612,1001.3909
IMG_4576.JPG,820.05524,1038.3478,-1117.9814,808.0162,946.5954,-1200.8807,832.263,947.7045,-1200.8479,856.40015,948.95856,-1201.0712,765.88727,937.81354,-1069.8408,756.2043,934.4276,-1070.3541,746.6246,930.9809,-1070.6335,1021.4898,1067.4701,-1270.6663,821.77014,946.0722,-708.8181,885.2113,1142.074,-1126.3721,846.48004,1109.617,-962.873,1163.8177,1438.2505,-1384.2703,957.36615,1157.0555,-201.10228,1053.4398,1991.0051,-1038.4587,944.14905,1530.0914,-39.906963,977.9721,1888.8754,-331.70535,853.30963,1656.02,-360.72293,961.1844,1894.1399,-375.35495,824.4686,1738.9756,-400.09396,979.1862,1832.1833,-455.9469,823.96277,1730.3308,-489.85403,987.5706,1827.641,-349.12268,875.5239,1828.4204,-408.03665,1546.358,2010.008,-357.0277,1320.2323,1852.6166,357.2047,1049.3176,2202.8486,-827.6211,880.0501,1862.9388,490.09238,1394.7029,2399.1438,170.34277,1258.9304,2215.8547,1021.24646,1507.7086,2420.4543,293.39774,1362.3442,2247.888,1085.0396,1277.0736,2626.853,557.3172,1146.8193,2383.62,1344.6099
IMG_4579.JPG,1075.0765,854.59094,-1994.3837,1151.2046,780.1155,-1992.8442,1193.834,783.3647,-1992.1962,1230.9547,787.02094,-1992.1704,1062.0386,768.00134,-1932.7277,1039.7021,762.70905,-1933.1615,1018.16595,756.80096,-1933.2761,1310.9448,814.33295,-1768.1205,1028.1715,766.24475,-1510.6276,1124.9927,929.321,-1900.7167,1042.6981,920.99615,-1827.9497,1532.1012,1214.2435,-1648.2408,919.057,1067.4105,-1212.0984,1407.4308,1830.2635,-1606.7506,839.2748,1585.974,-1034.0808,1298.4873,2304.376,-1641.7646,855.97375,2064.2136,-1172.8561,1289.4838,2439.2764,-1796.9966,796.8299,2187.1594,-1284.9204,1238.7388,2420.984,-1880.7576,872.09564,2207.3674,-1378.9873,1204.4541,2355.9917,-1676.0781,903.44696,2161.8645,-1219.1606,1466.6172,1721.4764,-120.551926,1114.0471,1655.599,118.883865,1691.0779,2008.832,-1307.2908,637.0919,1540.9747,-756.5282,1680.3647,2262.722,70.33663,889.80927,1940.1102,245.7826,1667.354,2258.1082,199.0306,963.8388,2004.3334,335.58737,1692.1469,2615.8408,21.091871,763.84174,2184.365,245.34828
IMG_4580.JPG,1115.5419,924.0396,-2103.2488,1178.0634,851.58136,-2131.475,1220.0751,852.98096,-2130.7473,1270.094,854.73456,-2130.724,1115.8975,842.6389,-2028.9446,1100.2384,838.05237,-2028.9456,1084.7638,833.129,-2028.714,1366.7463,894.20654,-1985.2057,1126.2574,859.02716,-1529.1846,1157.8427,998.7963,-2027.6235,1098.0315,990.4968,-1895.9521,1564.0676,1303.9053,-1935.8903,1064.6749,1141.2211,-931.3282,1405.0071,1840.0983,-1834.1156,988.26227,1586.7506,-501.8873,1321.0782,2282.4072,-1690.4744,975.5764,2029.3677,-604.18933,1328.7811,2428.6138,-1813.3934,940.64307,2160.2124,-674.8979,1276.3414,2426.113,-1905.9316,990.179,2167.0383,-802.9056,1264.5624,2367.5251,-1714.0967,1016.9079,2116.7798,-662.3111,1584.9122,1777.7255,-278.9841,1295.4409,1711.132,277.6062,1566.9792,2040.9348,-1886.9315,870.60266,1569.8483,-435.30777,1775.576,2414.8162,-808.41595,1111.2319,2011.6118,444.10562,1827.2228,2435.09,-700.38837,1202.8027,2072.6838,532.22064,1673.7107,2720.5818,-1086.2006,983.70966,2243.1992,346.66687
IMG_5185.JPG,453.79483,1439.0369,-699.2271,477.42548,1383.1842,-773.43365,488.78302,1380.4762,-773.4614,501.58588,1376.86,-773.4625,465.79837,1385.0831,-608.47076,468.63474,1383.8296,-608.723,471.55948,1382.1274,-609.0124,583.83325,1376.048,-917.8297,549.2046,1382.5099,-188.5533,501.94992,1483.1023,-751.2274,491.62027,1483.9462,-538.9877,816.4048,1649.3408,-1208.5691,736.86755,1651.757,314.01025,823.2108,2119.8643,-1247.844,776.77045,2105.4207,490.3174,791.2355,2558.5503,-932.9711,772.4738,2491.4265,340.7144,762.4848,2652.9736,-1055.8092,742.40137,2573.9565,358.67117,742.8788,2643.1875,-1020.28107,749.9247,2579.8896,218.6574,779.16095,2618.6567,-914.5904,775.6417,2550.8577,273.92236,1342.2308,2080.7976,-457.41843,1203.4929,2084.9243,457.08533,835.3206,2222.0713,-1445.481,772.5516,2191.2493,714.5328,1203.2906,2860.4421,-1417.1376,997.5956,2715.0603,962.56726,1309.9406,2936.186,-1412.6403,1092.7966,2774.471,972.45776,1022.4598,3055.9583,-1758.8403,858.98145,2946.6533,795.5297
IMG_5186.JPG,490.2226,1386.9849,-1191.1525,523.7858,1330.4233,-1233.6921,538.92334,1327.4645,-1233.5372,556.8788,1325.193,-1233.7054,504.38678,1333.8804,-1079.7445,504.28223,1333.3059,-1080.074,504.69598,1332.1881,-1080.2454,662.5743,1348.488,-1261.1421,592.6368,1339.5917,-568.27545,536.36505,1456.9072,-1197.5074,514.4473,1452.2941,-997.5202,934.2351,1650.93,-1446.6428,667.8686,1679.7211,-69.875084,892.28314,2251.411,-1500.1967,673.1988,2126.507,95.73888,674.1252,2626.4504,-1159.662,617.1434,2562.7751,-148.08617,654.1443,2773.5942,-1315.7618,576.00415,2673.1047,-191.39977,594.8969,2748.8594,-1308.3071,584.7784,2692.0256,-370.3548,627.13153,2744.242,-1151.5002,623.33264,2637.5247,-235.42374,1316.4299,2152.302,-378.7469,1042.7366,2187.497,377.2526,939.7418,2294.0564,-1877.9159,551.3394,2123.7715,-204.90198,1234.9924,2937.5115,-1276.1198,721.07513,2727.5928,135.21324,1318.8278,2985.818,-1212.8093,820.0947,2814.4626,152.0975,1183.9612,3150.1023,-1661.9564,577.1107,2997.2852,-208.5269
IMG_5187.JPG,592.58984,1492.5654,-1606.0692,614.1752,1422.8539,-1619.0328,636.6222,1419.5085,-1618.6974,664.72504,1415.7267,-1618.9315,577.48254,1424.3104,-1525.4996,569.93524,1422.5413,-1525.7007,562.7993,1420.513,-1525.9037,755.7277,1424.435,-1499.9254,627.8176,1426.1451,-1077.1342,641.1413,1542.8645,-1550.582,606.51196,1545.2322,-1428.8055,1028.6597,1686.9146,-1487.2291,637.8826,1712.2681,-649.5456,1013.8348,2212.9495,-1565.8237,667.59033,2112.637,-578.8277,856.996,2612.7266,-1430.084,631.88116,2552.5247,-774.5909,853.4048,2720.8738,-1578.9954,598.97955,2657.6875,-870.5855,795.9073,2726.8726,-1607.0677,624.8251,2664.6838,-991.28766,793.2915,2697.186,-1438.2736,717.42957,2562.2395,-836.2999,1232.2405,2060.8784,-234.32584,986.0708,2132.3667,233.10886,1130.2634,2214.1328,-1657.1892,552.4282,2108.4724,-672.97876,1376.2875,2770.4363,-1237.454,697.4805,2645.3794,-208.11813,1411.3569,2836.484,-1202.2529,778.2965,2716.4702,-176.00061,1316.167,3049.736,-1743.9089,609.03705,2820.837,-545.6295
IMG_5188.JPG,753.233,1246.9708,-2651.4924,795.40906,1183.1454,-2583.5454,820.8743,1179.7899,-2583.6252,842.6953,1177.5826,-2584.1492,726.45654,1187.1907,-2543.746,710.1748,1184.7892,-2544.261,695.20337,1182.5933,-2544.6758,895.75366,1178.908,-2108.2053,703.96277,1190.4902,-1931.8063,808.42957,1295.0872,-2472.3337,739.0004,1301.2499,-2422.0774,1119.1094,1432.8444,-1757.5647,664.69324,1464.7404,-1456.933,1137.9518,1944.6022,-1953.1542,724.5398,1913.2878,-1519.7871,1185.348,2379.2502,-2189.9368,679.0838,2363.237,-1825.3832,1211.4312,2497.7595,-2373.9321,653.22455,2479.369,-1987.7065,1176.7721,2508.572,-2447.973,699.42535,2499.31,-2105.261,1166.6936,2468.2651,-2226.5164,693.88293,2439.7012,-1887.294,1133.0092,1846.9578,-72.06919,865.3174,1891.1613,71.52322,1288.6044,1926.9741,-2016.5659,546.8758,1899.4891,-1463.1051,1462.8058,2467.495,-932.13837,649.586,2410.471,-386.48856,1450.4594,2537.7976,-850.9456,697.5074,2462.2163,-304.76804,1548.8809,2629.5745,-1532.9872,469.8204,2540.6401,-920.2034
IMG_5189.JPG,906.23303,1072.1321,-2994.7485,950.93524,1009.1614,-2885.1572,973.9311,1007.36383,-2885.4075,997.0311,1005.16327,-2886.1282,867.93225,1004.89307,-2875.117,846.9731,1001.4549,-2875.6462,831.05853,998.1759,-2876.0254,1049.8812,1011.79333,-2253.8096,822.52563,1006.77997,-2213.2554,956.8893,1127.9092,-2763.171,870.4207,1127.1106,-2751.7175,1236.2257,1338.1509,-1830.9893,698.2968,1361.4939,-1741.4117,1240.8641,1827.8214,-2037.8567,768.3786,1836.9675,-1891.494,1329.5676,2273.3354,-2344.1677,761.1545,2326.7788,-2240.5754,1368.1682,2397.0193,-2542.2283,751.99493,2457.0547,-2427.6199,1341.2817,2418.4336,-2636.6506,764.2722,2455.1477,-2550.183,1329.8901,2381.2876,-2393.3235,766.4762,2410.5183,-2305.0713,1148.3041,1806.0569,-14.506504,865.0707,1828.5071,14.366829,1439.029,1829.5591,-2217.1401,564.11237,1850.6804,-1982.4843,1509.6007,2348.0305,-761.04254,613.6105,2370.9514,-647.5166,1453.5839,2428.2498,-645.46564,673.60474,2435.5615,-542.52295,1659.1575,2512.2546,-1346.524,468.8635,2554.985,-1268.56
IMG_5190.JPG,855.25323,889.7342,-2882.9727,903.2873,832.5128,-2764.5034,927.64795,837.4402,-2764.6868,950.3368,841.0515,-2765.3516,819.7747,815.80475,-2761.1345,798.59155,811.83905,-2761.6802,781.562,808.31006,-2762.0728,1009.9967,862.763,-2137.9546,777.5446,829.8128,-2130.4373,905.1108,954.3571,-2657.8203,817.0025,948.62823,-2655.744,1190.3224,1197.9965,-1671.2535,640.1515,1209.0404,-1732.0509,1203.7489,1680.3129,-1827.2634,722.9525,1702.1874,-1915.6538,1322.1486,2113.9487,-2101.5342,737.7331,2192.4768,-2239.9644,1362.2352,2201.0593,-2283.7751,734.61383,2326.4731,-2440.5203,1332.7522,2228.393,-2378.8286,748.3295,2328.4187,-2540.083,1320.6356,2193.4526,-2150.7373,746.59106,2280.5967,-2295.2427,1065.9027,1669.9888,35.108032,790.5862,1674.6785,-35.286198,1394.0629,1663.4011,-2073.7153,524.0702,1716.1548,-2078.89,1413.954,2169.8237,-610.16205,506.09732,2255.2039,-731.40985,1368.9617,2241.397,-489.80017,563.33795,2319.6865,-622.17584,1599.3085,2305.3628,-1140.995,428.55173,2458.6365,-1357.2764
IMG_5191.JPG,1040.8197,1030.0917,-2695.5237,1077.5048,976.1198,-2579.5513,1096.6818,979.55676,-2579.7725,1115.3582,983.06226,-2580.4292,1009.08325,963.4148,-2611.9438,981.15656,958.91437,-2612.3494,958.60846,955.9509,-2612.5566,1141.3358,1003.66943,-1937.5017,922.131,973.22034,-2089.959,1068.188,1086.0538,-2457.9292,986.8286,1075.2671,-2502.3374,1237.2361,1319.1926,-1410.8464,738.91815,1294.9377,-1767.6086,1232.0199,1736.8066,-1547.4457,786.27496,1770.7037,-1973.927,1309.1829,2134.8535,-1922.2421,803.29407,2247.4443,-2291.3804,1339.3843,2221.5776,-2097.7432,815.424,2371.4934,-2505.9766,1331.4089,2249.6626,-2193.2617,951.11237,2317.7146,-2564.3047,1316.3098,2210.6887,-1977.1077,960.3226,2274.2468,-2324.7651,1052.1616,1774.816,117.055786,797.6461,1767.1448,-117.45842,1406.7163,1718.6863,-1689.9456,626.7626,1790.9661,-2241.4646,1349.2546,2197.9138,-489.74292,531.06903,2317.349,-1159.694,1312.1993,2253.2202,-392.062,538.7514,2368.7788,-1072.8,1493.5168,2343.206,-965.53906,521.27814,2526.892,-1777.7098
IMG_5192.JPG,996.81244,1000.75385,-1435.1494,1015.39624,955.3086,-1372.1887,1026.3881,955.9575,-1372.4908,1036.5813,956.40045,-1373.0664,971.13556,951.0751,-1438.9493,949.5483,948.85596,-1439.1083,926.4262,946.5317,-1439.2642,1012.9646,967.9418,-998.18274,857.46906,956.65576,-1289.687,1003.3425,1055.8701,-1287.6007,951.9014,1047.1143,-1371.8158,1017.1876,1255.4973,-556.99713,633.7413,1227.4363,-1289.3716,1041.9525,1639.219,-495.2025,604.78815,1733.0024,-1337.957,1056.6888,2008.388,-584.00494,700.8473,2136.5667,-1336.2307,1107.238,2096.5947,-652.26746,692.7386,2257.5962,-1468.6506,1090.5646,2118.0237,-735.9401,754.8246,2243.2512,-1527.3516,1059.7947,2088.1045,-625.59937,762.2924,2200.3066,-1358.6464,738.5787,1656.1143,216.08636,493.26953,1631.1184,-216.7064,1113.9965,1595.5437,-619.5066,610.596,1688.4735,-1522.9269,969.43164,2027.8246,-145.39992,378.555,2218.303,-916.5126,904.5023,2089.1875,-101.21094,331.6119,2274.5505,-851.77026,1105.6357,2194.7832,-374.87872,470.4258,2422.6863,-1199.7468
IMG_5193.JPG,1054.7218,971.9653,-1559.4341,1075.3431,914.01,-1483.1287,1084.3356,914.9944,-1483.5558,1092.7021,915.70935,-1484.2239,1033.4615,907.11017,-1560.6196,1010.39056,903.4918,-1560.7693,985.89856,899.7688,-1560.748,1061.943,928.4232,-1050.7039,911.6653,905.74786,-1393.3092,1051.6893,1029.1729,-1391.7123,1004.4285,1018.77246,-1490.5404,1020.2471,1232.0629,-567.7113,677.30756,1167.4213,-1480.1935,1023.9619,1672.9014,-563.3519,735.107,1642.6909,-1561.3124,1023.13885,2011.1221,-780.2243,771.36694,2075.2693,-1572.7812,1079.2432,2086.2651,-856.5245,778.4342,2191.952,-1735.9427,1071.6785,2099.114,-959.3536,832.376,2189.724,-1768.4873,1036.9421,2074.8958,-830.64185,855.0785,2133.5847,-1588.5887,684.5916,1590.8064,299.101,434.04208,1567.0736,-299.5052,1075.275,1548.1556,-165.79346,680.0334,1647.3215,-1677.7576,909.0542,2006.9069,296.2541,408.9854,2207.1313,-1070.1515,828.3868,2067.285,336.37268,348.7666,2268.21,-1003.66766,1078.4481,2158.9185,107.26846,552.00336,2413.3179,-1312.8042
IMG_5194.JPG,1740.5894,958.8553,-1253.487,1754.8555,901.28107,-1158.1937,1757.6958,901.7779,-1158.5863,1760.7488,901.6728,-1159.0884,1730.133,892.7908,-1279.2046,1712.67,887.05084,-1279.6658,1691.0481,879.8677,-1279.7466,1696.3291,899.71063,-696.9069,1587.6395,872.8593,-1244.3911,1706.3385,1013.93787,-1079.9918,1681.1946,1001.453,-1238.0303,1563.3302,1226.9401,-116.99707,1331.3865,1135.4901,-1511.2302,1488.3441,1634.449,114.936356,1314.2081,1656.5881,-1484.1176,1456.7964,2045.1327,-42.33819,1342.5422,2094.4365,-1223.312,1485.4207,2133.659,-49.156868,1413.2454,2162.2307,-1337.3403,1461.0358,2159.5002,-176.02744,1430.7146,2195.3306,-1360.8752,1396.0845,2161.36,-102.1067,1450.1261,2100.3975,-1227.7708,1074.1194,1613.7261,450.95966,880.1565,1603.0105,-451.44852,1516.4058,1671.9387,821.06903,1318.59,1653.8295,-1505.7855,1236.6791,2062.8672,1443.4128,970.0367,2275.6929,-1129.772,1143.0052,2095.7236,1498.8041,877.97485,2352.476,-1089.4487,1381.3984,2272.1624,1447.0944,1179.3226,2477.8604,-1303.3315
IMG_5195.JPG,1656.986,872.3399,-566.6206,1655.872,812.5643,-499.2731,1656.0726,811.4981,-499.70505,1656.0465,809.75726,-500.11798,1637.8535,806.6878,-635.01746,1623.0022,801.88336,-635.29443,1604.4242,795.2491,-635.4391,1576.1534,807.116,-168.97807,1501.0636,789.8087,-771.15826,1623.0924,928.13214,-433.79108,1598.6687,912.3372,-608.22015,1334.7623,1065.9181,366.66653,1299.8705,1075.3137,-1152.6886,1348.2688,1577.9609,521.1347,1323.7175,1595.0078,-1078.1342,1321.3024,1991.5371,452.87103,1353.3699,2004.7762,-670.22473,1381.7383,2078.4038,464.01465,1425.7185,2093.3416,-763.93964,1364.9314,2091.4482,351.54608,1399.4342,2118.6724,-754.17957,1336.3397,2043.4836,396.79044,1382.0283,2083.9656,-660.4078,903.7804,1584.2416,476.41754,808.1101,1606.9095,-477.0686,1373.8444,1744.28,845.1096,1323.258,1666.0592,-895.1446,1091.66,2155.709,1248.8444,988.553,2261.8352,-468.64014,1000.78125,2234.4507,1282.8285,881.21936,2347.5605,-412.75684,1277.489,2370.686,1215.2596,1231.654,2426.8813,-474.37692
IMG_5196.JPG,1738.9523,990.81854,-517.8093,1733.35,931.1024,-442.05768,1732.5043,929.32153,-442.34958,1731.4008,926.70483,-442.5725,1716.9777,927.27716,-598.7643,1703.143,923.32544,-598.9897,1687.2107,918.0142,-599.33636,1653.8262,924.69275,-83.16662,1604.1754,916.4072,-778.74365,1706.325,1041.2303,-373.51965,1682.5044,1029.5103,-574.3642,1407.5597,1146.0562,516.95197,1444.8367,1170.4425,-1229.3162,1399.4264,1558.1198,618.5082,1447.9009,1640.533,-1266.6466,1385.6628,1881.5846,428.05774,1476.4573,1982.2354,-842.7412,1379.1089,1949.54,443.5803,1513.3418,2081.8572,-944.6309,1374.252,1931.0767,346.6568,1535.607,2074.5752,-904.53687,1371.108,1910.4102,374.1203,1520.8785,2054.465,-819.61237,1036.402,1659.1481,560.6741,975.8212,1672.8816,-561.1696,1515.109,1793.4451,760.71924,1510.4244,1707.3423,-957.0899,1183.3822,2212.275,1137.5981,1134.2881,2320.8533,-500.6735,1068.3591,2249.6492,1170.3501,996.1801,2366.171,-438.09055,1288.9462,2411.956,1081.8949,1281.432,2531.8523,-524.5201
IMG_5420.JPG,1896.8595,1131.1194,-1536.3834,1898.8958,1066.7169,-1442.9764,1904.6663,1069.2065,-1443.3274,1911.317,1072.2643,-1443.9565,1867.018,1059.528,-1546.4596,1847.1442,1057.286,-1546.707,1823.569,1055.8204,-1546.7672,1875.276,1081.4082,-997.01886,1720.6257,1059.9404,-1450.122,1881.2478,1199.4067,-1369.9547,1839.7351,1189.8087,-1501.0376,1748.9032,1400.514,-538.8246,1388.3754,1359.4951,-1550.0056,1609.2776,1758.1832,-378.48212,1263.1144,1850.1576,-1400.0925,1509.7028,2143.0598,-541.40936,1346.1805,2262.4338,-1158.9673,1486.2261,2268.3733,-583.1076,1364.7614,2369.914,-1273.753,1452.3875,2261.1416,-691.0899,1431.4799,2353.5264,-1320.4204,1327.1489,2213.774,-587.6853,1431.1439,2257.5952,-1177.3069,1212.9132,1733.5236,366.51767,977.46014,1686.7253,-366.8085,1764.3713,1773.7593,-42.22885,1175.9502,2027.1138,-1746.2635,1489.2686,2164.3647,824.6042,905.6931,2460.4343,-963.75323,1401.8848,2169.933,907.71155,853.8873,2468.8367,-870.8557,1531.8191,2392.2898,818.64465,904.4938,2760.5605,-1027.3806
IMG_5421.JPG,1597.828,1048.2069,-1901.4734,1606.024,981.43854,-1841.6577,1618.7716,985.7325,-1841.9673,1631.4513,989.63245,-1842.6519,1552.6462,972.6603,-1887.1229,1526.4325,972.6623,-1887.1326,1499.1589,975.1143,-1886.9396,1620.1638,1008.5673,-1418.0693,1399.6377,988.4634,-1601.4492,1594.7711,1131.0887,-1729.9164,1543.2866,1126.6118,-1782.5037,1534.418,1312.3019,-842.71136,1190.8751,1237.3328,-1524.7793,1433.521,1668.1215,-626.68756,1139.0815,1787.2025,-1365.1683,1378.8591,2034.2974,-754.97296,1181.3019,2162.6042,-1284.2247,1379.8202,2133.3074,-801.6285,1089.5188,2302.3445,-1414.8647,1358.461,2148.433,-928.7341,1216.4032,2268.2524,-1473.9218,1345.8937,2098.9836,-807.06213,1218.8041,2204.8645,-1313.8596,1122.8589,1597.543,282.46643,859.95166,1557.1982,-282.84836,1598.1058,1688.5482,-284.92313,877.911,1889.6844,-1411.9985,1357.7784,2046.3981,505.5708,693.00745,2298.4263,-527.4587,1268.013,2091.815,576.67737,664.72,2312.5237,-433.93585,1390.487,2253.413,419.82925,644.3996,2565.745,-650.2019
IMG_5422.JPG,1669.3619,1143.1938,-2507.875,1709.0717,1067.6116,-2413.6787,1729.388,1069.6167,-2413.8826,1745.6681,1071.1592,-2414.4937,1640.1404,1059.4508,-2476.2551,1608.2571,1054.7496,-2476.681,1573.2546,1048.266,-2476.7595,1726.4202,1083.7908,-1882.5964,1452.5339,1065.4204,-2157.3845,1675.99,1227.7383,-2301.2566,1598.9369,1209.966,-2380.855,1709.0481,1397.0748,-1362.781,1118.3698,1393.462,-1903.7902,1586.925,1838.9985,-1176.9047,1050.7029,1903.8779,-1972.692,1539.4762,2243.2417,-1293.3628,1060.6838,2330.397,-2094.4373,1575.5361,2359.0317,-1394.4534,994.69495,2437.512,-2281.942,1516.8618,2370.854,-1509.1964,1091.0848,2457.497,-2358.5396,1501.3319,2327.9954,-1342.6862,1100.7206,2426.3323,-2131.7007,1376.7167,1708.2834,150.00673,1064.462,1712.167,-150.48709,1799.9109,1849.7183,-1235.0691,820.8628,2056.4993,-1032.7148,1526.224,2167.0046,136.44795,737.10364,2295.543,810.1174,1469.2966,2191.0679,267.33423,763.1874,2331.675,982.67694,1620.011,2409.6284,8.423952,610.0905,2532.1033,709.6273
IMG_5424.JPG,1263.2537,1312.2096,-1813.2933,1280.3365,1259.0377,-1775.1086,1293.8146,1259.6531,-1775.4707,1305.3875,1260.2557,-1776.2239,1221.7976,1255.4564,-1808.6038,1193.0304,1254.2448,-1808.8087,1165.1117,1253.0969,-1808.8103,1290.599,1265.1361,-1431.5055,1096.1703,1252.1982,-1578.7814,1266.6124,1370.7767,-1664.6569,1209.9535,1365.0498,-1707.0638,1288.9312,1468.24,-971.8617,881.3365,1469.5442,-1453.1401,1230.5267,1797.5592,-725.26263,873.88916,1878.0006,-1356.6658,1183.3278,2103.4941,-833.5703,918.1077,2178.3884,-1388.3712,1210.7247,2183.502,-882.2093,915.6527,2274.4766,-1522.1959,1175.92,2194.9429,-975.202,958.68494,2267.1492,-1553.5875,1156.2534,2170.5898,-867.9698,964.8586,2246.9307,-1407.1011,906.4928,1706.1075,203.588,690.7613,1653.7185,-203.52614,1122.1091,1865.7875,261.76337,727.8648,1866.2245,-1399.8241,989.3429,1955.9407,1485.3524,616.65826,2195.2725,-434.23117,940.86096,1952.388,1609.5857,568.3682,2236.2915,-330.61618,1014.2622,2119.6606,1639.186,695.4232,2410.7424,-487.26254
IMG_5425.JPG,1219.6508,1233.4788,-2556.7168,1260.7335,1176.3357,-2506.4841,1287.0332,1177.0046,-2506.8484,1306.5011,1177.3322,-2507.61,1173.6572,1170.5155,-2538.897,1145.2468,1169.3427,-2538.813,1117.8423,1168.0203,-2538.7693,1312.8953,1194.8867,-2042.1292,1055.425,1170.1536,-2186.6775,1249.5946,1305.7809,-2358.5063,1158.8749,1288.6512,-2399.155,1329.0835,1428.1093,-1392.1233,862.03784,1393.015,-1895.7833,1264.3423,1794.9564,-1118.7262,864.96564,1872.4103,-1747.7389,1230.6494,2124.0723,-1338.1995,918.39966,2228.1687,-1878.746,1266.2676,2209.7373,-1441.2936,923.37146,2326.199,-2052.9917,1228.7855,2223.7622,-1546.3723,981.2147,2311.2002,-2101.8784,1209.0464,2202.4402,-1382.0789,988.6045,2279.9556,-1903.2643,971.8675,1682.9916,229.23872,725.2448,1657.0864,-228.80898,1181.4613,1872.7401,615.5487,665.25934,1902.0526,-1594.4137,1127.1654,1912.3251,2217.694,586.9812,2217.318,-437.49442,1037.1593,1947.7007,2368.7283,582.2945,2248.275,-327.79694,1140.062,2124.4358,2284.867,638.8549,2451.9036,-644.9345
IMG_5427.JPG,646.0547,1229.8776,-1988.2072,678.237,1163.5403,-1996.6893,701.04156,1161.9692,-1996.3069,722.6589,1160.3187,-1996.6947,620.1402,1164.7272,-1912.4319,605.73553,1164.0076,-1912.6779,593.7114,1163.5298,-1912.8657,796.6913,1152.1664,-1813.0161,639.2798,1156.0114,-1441.1403,698.64777,1277.6703,-1902.563,644.22107,1286.7888,-1795.6558,1033.4277,1424.4037,-1758.337,632.4808,1406.2378,-893.4522,1069.1394,1846.1681,-1700.1821,682.796,1749.4943,-650.8948,1025.1265,2272.948,-1533.56,707.914,2134.751,-769.09955,1014.7082,2377.3643,-1675.8136,680.4511,2230.6465,-831.28064,945.8836,2356.7512,-1726.5767,726.8456,2233.415,-953.96765,938.9946,2314.3467,-1548.3655,749.6462,2193.3198,-822.0631,1247.7058,1707.7008,-238.4777,1004.05316,1724.3984,237.20131,1189.9081,1953.1965,-1712.5953,526.10175,1738.6879,-357.63202,1377.5519,2293.1255,-768.79364,737.2868,2081.5273,338.7588,1425.0391,2312.3914,-671.75104,844.8447,2076.8147,401.65976,1338.2635,2574.351,-983.95,580.98914,2211.1597,224.84235
IMG_5428.JPG,1193.5963,1426.1481,-2268.6934,1250.3615,1363.2927,-2279.7324,1288.6531,1363.561,-2279.368,1318.3413,1362.8528,-2279.4814,1158.4058,1349.9587,-2230.1145,1135.0033,1344.1473,-2230.5352,1115.0994,1339.3844,-2230.8125,1395.601,1359.4534,-2078.0505,1118.2493,1345.6914,-1871.7954,1257.7092,1504.4647,-2170.7183,1164.1118,1492.0294,-2111.9036,1637.314,1569.1833,-1848.3402,1028.3275,1593.1426,-1438.9071,1670.6802,2107.3254,-1762.6587,1084.2764,2060.459,-1273.7515,1482.0588,2563.6826,-1795.1351,1165.4777,2324.0012,-1312.5427,1456.0004,2661.8706,-1966.9381,1149.0209,2480.8093,-1428.7007,1395.5055,2660.8687,-1980.7299,1181.6194,2471.3738,-1476.679,1392.2035,2602.4749,-1801.806,1197.1641,2427.216,-1336.5485,1619.8835,1892.3286,-111.67669,1325.6027,1855.1691,111.475494,1739.8762,2278.994,-678.3129,926.3469,1953.1735,-753.7819,1786.1852,2428.6108,609.30493,1158.8403,2246.4688,122.943306,1753.539,2431.0864,725.27844,1240.8088,2272.031,196.3627,1786.5726,2703.1606,484.86914,1102.5914,2512.7134,-34.45348
IMG_5429.JPG,942.46436,1246.836,-1679.2284,980.2955,1178.891,-1719.09,1004.2154,1178.6393,-1718.5562,1031.5785,1177.8384,-1718.7605,929.2321,1170.3374,-1642.5985,917.08594,1164.5967,-1642.9229,904.77344,1159.5939,-1643.264,1155.9569,1175.2379,-1659.3549,971.7116,1169.5061,-1323.76,1015.3024,1306.7334,-1635.1649,956.24414,1305.4052,-1538.6136,1438.6357,1379.5265,-1556.7573,964.65765,1383.561,-990.0202,1476.5328,1946.3767,-1499.7383,973.25385,1762.8849,-802.27277,1328.1476,2327.9353,-1494.1451,1053.674,2111.64,-891.65643,1310.6967,2447.1587,-1649.77,1025.7882,2225.0474,-985.05725,1268.9502,2447.666,-1708.4414,1052.2289,2238.3862,-1070.3848,1272.4069,2418.7666,-1518.5408,1068.4019,2211.6243,-933.7146,1537.8372,1754.0265,-173.2123,1258.285,1673.5593,172.08162,1605.7798,2069.07,-823.15125,879.2006,1710.1669,-343.90228,1673.0236,2351.177,-188.1703,1138.2262,2061.1877,150.15694,1676.3683,2361.5022,-127.76283,1229.35,2090.2556,202.05226,1626.345,2580.157,-372.36923,1056.6392,2306.5522,107.57799
IMG_5433.JPG,1785.0542,1234.7216,-1039.7584,1818.733,1187.1871,-987.9612,1822.3254,1182.2445,-988.4363,1826.0236,1175.3771,-989.0895,1801.4038,1179.4642,-1144.5422,1792.5258,1169.5836,-1144.938,1783.3815,1158.7826,-1144.9915,1757.9583,1100.9052,-651.3259,1711.2467,1090.564,-1355.3113,1738.9896,1253.4707,-892.14417,1719.5068,1239.6184,-1096.1292,1531.0759,1242.9364,-133.0802,1278.0273,1238.5483,-1496.6106,1425.474,1579.0989,196.91058,1144.8778,1695.9763,-1426.5891,1414.9479,1920.5665,15.3345175,1193.7516,2106.4185,-1158.5808,1391.3123,2019.9221,-10.527346,1202.4545,2187.9233,-1317.2826,1383.4504,2019.3838,-175.96992,1248.1228,2165.7478,-1314.6421,1384.0977,1989.3113,-56.584442,1293.811,2113.3047,-1158.1411,970.36285,1487.116,441.68445,749.55493,1502.6858,-441.25696,1289.172,1782.0358,757.47375,1068.6577,1848.9882,-767.8527,1128.7317,2151.5945,1446.0386,751.7947,2297.7546,-286.61572,1007.4741,2149.6665,1513.8402,658.5382,2333.9211,-237.22586,1209.8652,2335.1082,1500.1454,922.43506,2514.6206,-388.00656
IMG_5436.JPG,1445.499,1217.7574,-2506.7236,1483.2819,1143.6971,-2432.3345,1502.737,1144.0997,-2432.5593,1519.9553,1143.7006,-2433.352,1413.2384,1134.4542,-2493.4553,1378.6377,1127.892,-2493.8064,1343.8331,1122.3861,-2493.8135,1507.4618,1148.912,-1938.7139,1255.4531,1130.2317,-2209.493,1457.5764,1284.8525,-2304.9556,1377.5623,1275.4636,-2383.5493,1546.5901,1389.1958,-1420.35,952.13196,1436.7799,-1861.7823,1472.5767,1826.5609,-1303.6576,914.07056,1871.9047,-1853.0112,1448.7661,2179.7087,-1393.4623,961.5602,2260.551,-1883.115,1484.7446,2280.2886,-1491.6678,920.1798,2400.5186,-2051.7883,1413.6671,2292.8267,-1562.6704,1003.27966,2377.035,-2093.5046,1396.6698,2262.9065,-1425.7065,1014.0178,2343.7761,-1905.9689,1245.3774,1684.5603,137.402,936.4341,1678.9899,-137.87927,1664.0525,1753.7125,-1119.5226,723.83606,1908.4489,-1610.0586,1530.755,2111.3752,144.64958,578.8517,2248.2214,-198.07933,1492.0652,2158.767,268.61853,569.58826,2263.935,-63.785957,1698.4456,2327.2551,20.605684,573.88666,2504.7307,-428.28128
IMG_5437.JPG,1209.0101,1237.7152,-4022.4868,1256.2709,1165.3218,-3913.1562,1280.9261,1161.4703,-3913.2783,1303.6637,1159.1534,-3914.1963,1168.1277,1168.5684,-3947.5195,1134.2512,1165.5344,-3948.0837,1109.2416,1163.3168,-3948.3792,1338.5576,1170.6416,-3150.6562,1055.3046,1171.4136,-3312.4583,1245.1118,1294.7205,-3720.8862,1151.1586,1291.8989,-3768.0815,1441.9277,1443.7498,-2455.952,874.7676,1426.9688,-2603.074,1410.1083,1873.2556,-2566.9417,843.2318,1836.994,-2751.7568,1369.8966,2243.4387,-2897.9255,887.1245,2231.7563,-3059.3418,1345.098,2346.6257,-3098.5762,880.44806,2345.3342,-3280.0854,1304.1637,2343.7368,-3169.1387,914.65326,2336.7522,-3339.7795,1301.0022,2319.391,-2935.8657,922.7901,2298.3481,-3095.374,1290.2644,1653.5945,29.500368,962.90765,1655.2073,-29.770754,1613.8148,1831.2648,-2081.316,698.33795,1820.1682,-1804.9348,1548.8452,2158.9158,-192.10631,564.0202,2184.0295,-181.1334,1492.925,2195.3977,-31.2281,607.4004,2221.315,-53.860638,1646.4706,2371.4219,-665.9138,492.6799,2399.7488,-792.5733
IMG_5438.JPG,1091.8099,1277.1962,-3593.5168,1141.0538,1209.6077,-3526.6848,1163.6959,1207.9191,-3526.6216,1184.847,1206.5374,-3527.1387,1051.2267,1206.3967,-3505.8757,1028.6312,1202.9656,-3506.526,1011.4359,1199.1827,-3506.901,1253.3429,1204.7399,-2948.9192,973.5653,1194.0199,-2857.3796,1138.989,1335.8333,-3360.4756,1050.9978,1332.6764,-3334.962,1409.9921,1451.453,-2374.0115,831.8351,1432.9637,-2205.2092,1408.2732,1890.176,-2518.6614,825.1257,1825.6239,-2258.1116,1345.1825,2274.3408,-2744.9243,858.7341,2202.826,-2492.135,1324.4109,2378.9812,-2946.2798,839.35657,2311.7942,-2670.633,1291.9894,2375.4465,-2978.6475,895.10645,2304.6035,-2731.0464,1291.15,2352.4988,-2764.4197,905.25757,2267.0093,-2527.0352,1277.4055,1687.1831,-36.065533,976.1932,1676.5947,35.852665,1615.0582,1905.616,-1911.8923,633.64124,1811.7916,-1439.9897,1609.3868,2240.377,-246.04895,620.4161,2127.2988,62.105526,1564.6719,2275.6902,-103.37966,663.3183,2157.302,184.94408,1654.512,2470.4233,-683.1695,505.6602,2333.2292,-390.2555
IMG_5439.JPG,1305.889,1303.9148,-2665.986,1348.0977,1236.5072,-2606.7458,1370.9581,1233.1982,-2606.998,1389.4537,1230.151,-2607.8513,1273.67,1241.9545,-2639.0852,1247.0891,1239.6536,-2639.3018,1222.9259,1235.7241,-2639.4348,1403.242,1231.2853,-2122.6174,1167.9196,1232.3755,-2263.4104,1342.9744,1347.1375,-2464.8162,1263.068,1352.3628,-2505.5479,1445.1101,1435.3982,-1558.0344,960.1272,1415.2395,-1836.8553,1369.3927,1777.828,-1496.6997,818.629,1837.435,-1867.7828,1354.2142,2063.9644,-1646.4452,985.35864,2127.37,-1997.404,1380.3416,2173.4973,-1754.2832,967.95294,2225.0166,-2152.82,1350.3589,2188.6707,-1820.8043,1014.2096,2215.8345,-2184.2466,1333.6831,2157.281,-1674.9486,1023.3766,2182.5867,-2012.0305,1197.6886,1663.0483,90.45898,933.692,1657.7877,-90.57356,1489.8918,1730.3691,-1228.2665,776.2318,1875.28,-1459.4636,1342.29,2033.4629,-98.2513,733.7424,2106.3945,-13.099887,1303.4373,2061.627,4.626915,730.2798,2125.6438,124.30372,1389.6992,2233.7295,-340.45294,746.69653,2318.624,-204.86954
IMG_5440.JPG,1180.0468,1310.9012,-3147.6445,1220.6158,1251.1105,-3090.7031,1246.1774,1249.0006,-3090.8105,1268.3165,1246.3226,-3091.5427,1143.4827,1245.74,-3107.9333,1111.2067,1238.9476,-3108.177,1084.5795,1232.5918,-3108.2957,1310.1025,1246.6514,-2554.5334,1037.5946,1230.6975,-2631.6602,1224.501,1365.5966,-2922.5957,1127.5367,1358.941,-2944.0146,1405.7059,1453.6401,-1976.3566,863.12274,1433.919,-2077.9934,1341.2507,1851.0671,-2014.9095,814.4743,1915.4412,-2135.4792,1322.9897,2137.7378,-2229.0356,930.4816,2195.1729,-2319.4963,1338.6191,2258.2222,-2397.674,881.46204,2366.1257,-2493.85,1310.0743,2269.0566,-2448.8235,953.2461,2319.7324,-2537.506,1295.0555,2233.1401,-2256.061,961.82043,2295.754,-2341.48,1210.3108,1720.2677,5.2539625,933.9856,1713.4905,-5.71297,1429.4153,1823.2216,-1615.806,681.26465,1890.7327,-1533.9111,1351.8512,2109.9702,-244.80931,679.4564,2136.8594,-156.77643,1309.6179,2144.2551,-126.01955,694.5195,2169.816,-34.94105,1389.5796,2328.4194,-587.65,685.8401,2350.7358,-496.33054
IMG_5441.JPG,1211.6492,1239.3641,-3363.3323,1270.7625,1188.0327,-3300.5623,1298.6195,1191.1705,-3300.5205,1323.3756,1192.5743,-3300.8086,1172.0568,1168.1808,-3294.1616,1148.3595,1161.6725,-3294.4995,1129.4572,1155.9579,-3294.6797,1376.7206,1195.8671,-2758.4324,1087.256,1149.966,-2732.8088,1270.935,1309.588,-3144.5125,1156.3446,1295.5947,-3135.6768,1498.5123,1397.2057,-2204.0618,944.55316,1369.1122,-2205.5286,1455.4304,1810.4282,-2363.689,949.4287,1836.3667,-2341.7568,1374.9738,2139.612,-2637.2588,1000.85925,2130.475,-2613.0088,1369.301,2248.6914,-2850.2683,982.4029,2270.5151,-2827.2815,1342.0476,2234.902,-2881.7004,1007.22046,2247.2253,-2876.6697,1327.3599,2195.181,-2661.8386,1015.0194,2210.305,-2646.6614,1326.1322,1647.2471,-14.240397,1043.6064,1626.2158,13.909167,1452.2247,1824.9573,-1706.2375,744.291,1775.2521,-1486.2803,1378.8649,2075.3584,-179.0138,806.24695,2032.9958,-46.27867,1333.21,2109.8022,-53.153614,869.73267,2077.3977,73.633446,1471.4225,2242.307,-548.6045,786.3335,2248.2893,-410.59683
IMG_5442.JPG,945.7969,1188.5615,-3213.5183,1004.4145,1137.5845,-3201.0522,1042.6692,1141.9103,-3200.874,1071.7732,1144.9082,-3201.4607,918.744,1121.1371,-3142.478,900.27954,1115.2927,-3142.7778,885.6039,1109.8284,-3142.9795,1154.1298,1151.5615,-2853.8672,891.6943,1116.4688,-2591.8984,1013.2476,1267.8184,-3062.7983,920.07666,1245.3352,-2986.4817,1339.4297,1362.7115,-2422.3218,801.5093,1361.5963,-2058.4426,1350.5242,1822.0321,-2590.576,884.5205,1803.3538,-2059.1467,1318.5491,2176.4268,-2774.2532,940.9149,2085.824,-2246.5935,1316.9052,2273.0088,-2985.6008,927.92566,2187.4912,-2401.8555,1280.0972,2269.766,-3004.4985,942.20306,2190.5645,-2463.3804,1275.4341,2230.6587,-2787.8467,955.02325,2147.8523,-2281.0464,1286.236,1658.0945,-78.73114,989.4393,1621.3173,77.84084,1446.0076,1841.9847,-1785.5128,690.4196,1732.5549,-1342.7285,1507.5461,2115.6284,-156.22368,885.62006,2047.5686,200.83661,1491.7216,2127.3125,-17.351305,945.5345,2083.5562,338.07428,1575.3663,2302.3882,-516.15094,796.0018,2251.9512,-85.41198
IMG_5443.JPG,832.84515,1121.8038,-1788.8597,874.5267,1062.6963,-1805.9868,897.9627,1066.8524,-1805.6356,924.5441,1069.2317,-1805.8563,818.80884,1047.4879,-1746.2014,804.04193,1044.7107,-1746.371,794.3883,1043.0996,-1746.4293,1028.5519,1078.8119,-1673.9963,811.8631,1058.3982,-1409.0317,886.11865,1185.64,-1722.7225,821.27563,1179.9172,-1645.7799,1244.4952,1275.9067,-1499.735,773.6807,1300.239,-1049.0664,1262.0066,1797.3761,-1451.1177,851.5138,1679.4707,-849.3151,1231.0643,2104.1226,-1433.3706,860.4019,1936.9011,-912.5421,1234.753,2192.642,-1563.3483,847.8145,2050.5427,-994.3068,1191.173,2196.6555,-1610.8363,876.9406,2064.7249,-1073.3557,1189.9795,2166.1511,-1451.7208,901.7671,2037.4535,-951.4172,1258.05,1592.9978,-119.39922,1021.6899,1539.134,118.99917,1319.5017,1855.0786,-942.52155,705.2217,1597.0192,-597.0592,1373.8331,2066.7751,-81.04646,911.59216,1900.5642,125.2454,1373.1459,2075.014,-2.3898745,956.9457,1923.9038,193.8303,1392.0437,2284.1543,-270.17676,863.6187,2091.1956,10.938508
IMG_5445.JPG,546.79834,1031.6018,-1823.6659,572.2408,972.3761,-1887.407,590.24896,969.32275,-1887.0896,611.2247,966.37146,-1887.2504,541.1715,972.8389,-1769.3301,536.15204,970.36847,-1770.121,532.02625,967.13837,-1770.436,717.5323,966.5692,-1880.8909,611.4364,957.95123,-1366.9438,595.8726,1076.1708,-1799.2913,558.93243,1073.3696,-1649.5912,998.0568,1261.418,-1813.6149,655.5841,1100.4492,-853.2598,1049.0615,1683.6477,-1633.655,773.72266,1500.9994,-597.7022,1016.236,2064.4004,-1397.5837,850.7519,1881.7206,-711.1258,1017.9401,2146.084,-1579.4927,834.4062,1968.3015,-744.7188,973.5138,2148.344,-1585.4509,845.76935,1974.4935,-911.5741,966.6097,2117.009,-1406.2405,863.18335,1945.7769,-777.2848,1412.7262,1477.9668,-279.9584,1155.9539,1443.4147,278.7156,1200.669,1771.6792,-1137.5652,788.3686,1648.1847,56.469105,1302.996,2149.3916,-136.75854,990.7565,1974.6792,719.28613,1362.9259,2173.9,-25.908636,1055.0669,2005.891,787.1307,1179.1401,2364.476,-130.14438,915.6292,2153.823,733.4879
IMG_5448.JPG,1689.5887,1017.7373,-1889.8086,1688.896,957.47656,-1816.5996,1695.7698,958.7224,-1816.919,1703.198,960.25214,-1817.6299,1649.195,953.20233,-1901.3188,1621.1826,953.1839,-1901.5833,1586.261,954.54156,-1901.2925,1663.3018,968.6893,-1360.2113,1465.2344,967.58344,-1732.8875,1676.8307,1093.7941,-1705.197,1627.6285,1094.584,-1811.9785,1562.7732,1272.134,-730.91614,1218.1555,1336.531,-1762.8013,1539.1418,1689.6151,-387.208,1183.3107,1857.9373,-1612.1788,1544.5844,2042.2124,-562.9278,1221.492,2324.0962,-1522.325,1573.339,2141.3015,-622.3131,1208.6152,2440.5488,-1707.4545,1560.2559,2153.5146,-765.14777,1250.9108,2442.4817,-1754.3289,1538.0605,2122.3018,-625.22974,1264.8113,2399.5005,-1549.4104,1048.0338,1594.994,413.41965,798.74,1636.0731,-413.02798,1354.4417,1834.4042,1007.25165,1040.1852,1990.5349,-980.755,1151.4174,2021.4674,2221.0842,799.93207,2422.8806,-385.6654,1072.2632,2024.3789,2342.0134,702.5115,2462.9768,-323.67523,1224.3394,2206.3828,2416.0254,931.72266,2684.892,-524.0743
IMG_5449.JPG,1594.6023,1052.2086,-2329.2214,1602.9044,984.0435,-2260.499,1615.9363,982.7308,-2260.9807,1629.6534,980.9407,-2261.9631,1546.7848,986.1238,-2323.9233,1517.2388,985.4493,-2324.0337,1483.0526,983.5356,-2323.643,1606.1472,994.4711,-1751.9183,1356.5614,989.10266,-2016.7413,1594.2299,1126.5005,-2119.9849,1536.3198,1117.0605,-2195.6995,1536.687,1283.3081,-1085.0275,1111.7578,1308.2726,-1856.1495,1529.3273,1688.0054,-751.80286,1077.1589,1853.4159,-1633.2988,1538.5374,2092.3262,-956.32806,1105.3215,2313.482,-1629.2202,1584.5114,2172.8684,-1019.63116,1078.0297,2436.3533,-1806.7727,1542.8358,2190.4995,-1172.2649,1151.751,2438.0254,-1870.4829,1514.2782,2164.445,-1015.5343,1161.346,2396.778,-1661.206,1045.1439,1586.2146,322.88007,794.3021,1554.2992,-323.01825,1378.1154,1787.4276,608.97687,893.69006,1919.7346,-1190.2377,1180.113,1944.4904,1854.9982,673.8486,2367.2139,-412.60962,1111.2367,1942.069,1978.3177,597.37866,2412.0496,-332.35397,1214.4828,2125.3262,1946.2036,745.6556,2641.379,-600.69745
IMG_5450.JPG,1508.7705,1067.8169,-2462.5862,1539.0951,976.40485,-2397.6636,1558.4705,973.99664,-2397.9014,1574.819,972.57434,-2398.5505,1457.9634,979.9578,-2447.3362,1420.2943,978.58325,-2447.6812,1385.4293,977.50507,-2447.761,1567.7253,978.3348,-1951.135,1285.1451,990.1057,-2157.2483,1536.8787,1134.1315,-2280.4937,1451.8446,1132.6948,-2338.8843,1590.7336,1258.1542,-1386.7659,974.887,1313.629,-1968.4254,1542.8129,1685.402,-1293.7863,849.88904,1886.1786,-2000.8671,1544.4017,2111.9631,-1453.7213,964.8541,2287.833,-2077.832,1604.0607,2202.9604,-1555.5605,940.72266,2412.7722,-2271.772,1559.6888,2239.729,-1666.1311,995.86743,2423.3984,-2332.808,1528.1848,2207.049,-1500.4694,1006.07983,2380.7556,-2106.6313,1250.6212,1644.3159,196.13924,911.9965,1659.3845,-196.44064,1701.0645,1621.3362,-704.24146,779.46344,1849.636,-1695.2095,1472.5571,2008.1471,403.26978,613.5171,2261.3167,-309.9348,1386.8165,2063.7668,508.9815,591.87787,2285.9292,-173.54305,1614.2734,2231.1545,351.43997,605.25336,2524.0864,-422.53778
IMG_5451.JPG,1506.6649,1107.5607,-2464.6934,1541.6667,1026.904,-2384.6792,1564.7924,1022.13385,-2384.8738,1584.6149,1017.28296,-2385.7134,1470.0035,1027.0968,-2438.2969,1437.3392,1021.9943,-2438.918,1399.1179,1015.2477,-2439.069,1574.7057,1018.92786,-1846.8943,1297.8627,1012.7416,-2082.828,1526.0557,1172.4998,-2248.2683,1442.1982,1175.5967,-2317.4,1641.8651,1299.5059,-1367.0709,994.47156,1325.998,-1771.4427,1584.0542,1743.6251,-1203.6151,949.7643,1868.6383,-1758.0375,1576.1016,2158.9312,-1211.6964,940.02313,2308.8772,-1735.8176,1616.7877,2259.1833,-1275.2954,909.321,2429.725,-1864.794,1575.195,2301.8708,-1359.8206,952.8698,2438.743,-1924.4244,1548.975,2266.6746,-1245.5697,968.8813,2400.7544,-1761.694,1334.4983,1694.5404,82.63979,997.34326,1687.2837,-83.650055,1781.8236,1672.5784,-1260.8329,707.35736,1915.175,-1646.0371,1587.4913,2137.8477,-57.29781,633.48236,2229.7715,-152.03156,1537.6647,2183.5579,60.575745,645.29584,2244.9387,-6.458005,1779.5452,2342.8423,-200.69876,572.4881,2509.7188,-353.15057
IMG_5452.JPG,1487.2974,1053.3611,-1560.8259,1483.3916,1011.3711,-1502.679,1490.5714,1011.3797,-1502.853,1498.1022,1011.0948,-1503.4285,1448.7445,1012.0024,-1552.6292,1425.9463,1014.094,-1552.7697,1399.8475,1017.3692,-1552.7253,1481.6017,1021.26166,-1128.7927,1338.1238,1035.865,-1345.2318,1488.8932,1104.6052,-1411.9766,1455.1483,1110.1495,-1474.3793,1478.7712,1248.3665,-702.1712,1176.6028,1264.5134,-1239.48,1410.3358,1544.9354,-587.95435,1159.0558,1623.076,-1180.7241,1368.4971,1808.2141,-699.6505,1163.9158,1934.2318,-1185.6896,1371.0483,1891.6478,-748.6922,1156.6404,2016.997,-1292.6201,1360.388,1887.2572,-825.271,1204.0667,2028.588,-1326.143,1341.4663,1853.2445,-732.509,1208.0166,1998.1436,-1200.8417,1241.1855,1519.658,195.00107,1041.5505,1524.0397,-195.0013,1552.3868,1544.3773,-501.99753,1082.8997,1665.9332,-1427.3639,1380.5052,1848.3971,99.90426,960.86224,1998.7856,-864.45416,1351.9254,1872.3826,156.71104,912.7213,2024.5372,-804.0171,1462.113,1978.4631,-9.021384,1016.5156,2180.1543,-1038.3011
IMG_5455.JPG,692.21735,1395.1288,-2583.0623,743.4073,1300.7003,-2590.4512,774.83527,1296.6439,-2589.902,804.32947,1293.8518,-2590.2234,656.5895,1298.327,-2526.3667,634.6673,1293.0767,-2526.5457,616.44775,1288.4857,-2526.5374,881.2451,1294.3896,-2326.3813,619.78784,1288.5496,-2049.2048,743.1989,1448.214,-2457.993,669.1836,1458.422,-2378.6858,1188.9639,1587.1729,-2103.5842,568.4068,1563.2318,-1446.1273,1200.7845,2190.461,-2014.5056,591.62335,2033.354,-1324.043,1165.0111,2681.529,-1967.5508,554.0288,2451.0725,-1628.2101,1154.0502,2810.2253,-2148.9978,513.73816,2557.7646,-1762.006,1099.3844,2805.6604,-2218.303,544.4752,2576.9426,-1891.5629,1094.8462,2755.1826,-1990.6711,566.6245,2535.2004,-1690.2085,1254.393,1951.4281,-180.1186,922.55066,1948.774,178.93596,1356.7306,2211.2207,-1820.0867,415.87903,1919.0422,-470.8979,1546.169,2639.9277,-865.6837,583.27423,2339.8596,277.35208,1574.7125,2662.9229,-777.6972,652.8923,2370.451,335.29724,1551.9413,2940.7576,-1186.4784,426.04037,2550.4146,66.08017
IMG_5456.JPG,555.54626,1231.9099,-2133.0945,598.02783,1145.5101,-2141.238,628.45667,1138.5884,-2140.6162,657.8587,1134.2635,-2140.7166,528.7312,1152.7498,-2077.54,510.3282,1148.5228,-2077.619,493.2472,1143.1136,-2077.5227,742.86237,1145.7775,-1948.615,507.16626,1147.5809,-1666.9061,611.75195,1287.7078,-2041.7225,546.1407,1295.957,-1960.4901,1009.4196,1379.198,-1773.866,480.2862,1394.1698,-1176.1779,1018.79724,1991.2084,-1653.9371,487.86905,1814.5455,-984.8227,962.5729,2412.7822,-1597.6991,462.08136,2198.349,-1165.6091,966.7644,2522.9197,-1754.6173,414.84714,2306.1418,-1287.4148,909.5008,2517.9407,-1835.2737,451.41672,2320.2554,-1405.4253,908.4815,2477.5632,-1626.126,485.29092,2269.3809,-1221.8945,1097.9429,1757.0522,-174.55487,801.2636,1746.5629,173.47032,1178.4353,2020.2878,-1425.9138,378.23102,1705.2699,-263.45703,1334.1877,2423.6292,-760.1562,505.63065,2065.9316,291.9261,1365.3986,2453.5413,-699.1222,580.47205,2123.2852,332.55368,1306.2756,2707.8162,-1052.1224,379.42044,2279.0444,140.0231
IMG_5457.JPG,822.13416,1179.0054,-1962.4718,859.59204,1116.7131,-1983.7982,884.7938,1114.3092,-1983.2435,914.6272,1111.7454,-1983.3467,809.7235,1120.3678,-1914.7349,797.51636,1120.4344,-1914.8833,787.0366,1119.075,-1914.8483,1008.8533,1112.8365,-1825.6449,808.9646,1122.189,-1521.3782,870.86255,1222.6932,-1881.1761,817.79736,1230.9641,-1791.614,1223.6984,1381.4128,-1694.326,849.1612,1327.2737,-1052.2767,1183.7622,1847.4469,-1718.7456,811.38794,1664.9203,-962.2749,1125.2573,2256.6025,-1715.8994,791.6601,2035.3359,-1154.7334,1124.5514,2357.3184,-1890.2379,750.18256,2115.0203,-1254.285,1075.1478,2347.8757,-1914.8124,766.33936,2119.3748,-1379.3865,1076.4349,2320.2769,-1732.6633,795.93744,2089.909,-1212.09,1432.3973,1617.4877,-173.57353,1183.095,1640.4581,171.96722,1370.862,1896.242,-1342.7299,739.323,1707.9323,-328.01526,1500.3362,2313.6875,-862.25555,882.8277,2007.3318,31.75141,1523.296,2308.7878,-811.6381,1035.869,2062.207,55.207726,1456.2266,2548.08,-1096.3953,790.08673,2200.2207,-144.92157
IMG_5458.JPG,741.0788,1175.6691,-2474.7747,796.14575,1088.7551,-2462.0884,835.52985,1086.102,-2461.5679,881.1315,1082.4877,-2461.5854,709.3965,1079.8938,-2388.5684,683.8332,1074.3593,-2388.6519,661.7704,1071.1394,-2388.4612,994.73663,1084.9312,-2176.328,672.5479,1081.9855,-1853.5809,802.35724,1251.2952,-2355.033,709.169,1254.0778,-2261.989,1312.0433,1420.2743,-1983.9592,657.70715,1423.288,-1323.1211,1376.1487,2051.5378,-1965.7671,780.44006,1875.456,-1065.0997,1361.4965,2506.8005,-2044.05,811.57544,2323.9705,-1317.2972,1338.2917,2625.4453,-2242.1719,781.99304,2456.9124,-1477.3822,1296.2373,2619.871,-2337.7856,820.7401,2465.9653,-1616.332,1301.0857,2574.2197,-2081.0417,844.78674,2412.2031,-1386.9545,1330.7535,1849.5422,-171.94516,1003.386,1849.1589,171.10234,1645.2648,2156.917,-1847.8483,513.7219,1885.5856,-1003.4587,1644.9202,2514.7603,-468.91672,830.2101,2259.3062,132.98477,1635.196,2531.1765,-344.38635,909.82245,2289.337,226.98126,1640.8073,2845.7861,-745.39294,684.9525,2485.9912,-30.319788
IMG_5459.JPG,98.0933,1408.5173,-2472.4893,150.69421,1312.2428,-2489.7883,191.19063,1306.3942,-2489.3704,233.57362,1301.8495,-2489.5085,63.431057,1320.7305,-2394.333,40.1632,1321.8264,-2394.347,18.66135,1322.3282,-2394.1306,347.05765,1310.7833,-2306.5115,52.221664,1333.4094,-1894.6569,180.24754,1476.8582,-2381.778,87.09858,1487.3353,-2261.5396,666.45416,1654.5785,-2259.2104,171.66327,1645.3727,-1158.7291,807.24744,2235.373,-2131.751,297.47025,2058.704,-651.8,826.81555,2715.5217,-1993.8082,362.31906,2496.6042,-711.5745,837.59015,2823.781,-2183.923,340.85474,2634.5938,-782.6238,780.5321,2829.0298,-2258.8794,386.06158,2638.274,-951.8641,771.59644,2796.5203,-2019.6075,416.13828,2582.0552,-782.773,936.9406,2024.3486,-298.11746,640.8547,2021.5087,297.16754,1012.0376,2421.8352,-1165.4377,60.93057,2102.9932,-340.66864,1172.0436,2711.3245,196.11664,387.75287,2489.9668,285.71655,1230.6389,2724.0913,337.83655,511.25723,2521.586,338.45746,1139.1761,3057.4072,201.03397,247.25552,2686.493,231.62224
IMG_5460.JPG,618.05396,1299.1543,-1679.7223,664.4949,1246.6753,-1681.9025,688.97766,1248.9332,-1681.7666,718.5745,1252.7753,-1682.0684,624.46423,1247.3638,-1582.7462,616.7263,1248.0879,-1582.7338,609.28534,1247.9299,-1582.6401,807.134,1282.4697,-1506.5316,667.2859,1262.2819,-1073.6888,673.0284,1363.2487,-1604.2238,617.6916,1359.9362,-1478.7275,973.2884,1543.4833,-1563.1409,697.58374,1558.5251,-427.22067,1040.5342,2063.9878,-1516.5875,759.3322,1915.2281,-20.373625,962.95483,2435.26,-1334.2125,738.3811,2246.6482,-99.711136,885.8714,2485.9429,-1483.0724,734.3941,2319.7263,-129.77522,841.11414,2481.8381,-1532.9791,723.405,2346.4153,-268.40652,832.5275,2466.6763,-1347.2045,796.26807,2285.36,-157.58293,1245.2137,1950.4592,-298.97592,1034.608,1941.211,298.05408,1099.2313,2204.8945,-1665.0817,570.3158,1856.6868,-354.96866,1257.4303,2553.2937,-739.1235,837.8377,2280.0789,146.80594,1324.9618,2575.071,-639.6045,943.7281,2314.7205,183.50414,1173.899,2811.8613,-873.4709,731.817,2469.349,-29.927532
Photo 2023-03-04 11.29.28 AM.jpg,810.59924,1004.9165,-1865.9011,852.1619,955.0413,-1889.209,876.3612,959.39777,-1888.6367,904.46655,961.6796,-1888.5361,806.4343,934.0479,-1810.2426,796.1283,927.83356,-1810.748,787.19354,921.7315,-1810.9337,996.1133,969.0751,-1775.1039,849.46045,941.50415,-1429.9786,863.1887,1066.6533,-1806.9855,809.0196,1070.9507,-1706.5963,1211.1995,1171.3198,-1667.0967,844.8564,1188.3892,-947.46,1277.6422,1649.668,-1479.0789,901.8369,1523.0941,-699.47296,1214.2421,2007.425,-1331.7701,958.6879,1882.9966,-791.2906,1199.6123,2113.4558,-1480.8043,932.0822,1964.1176,-838.31683,1143.7303,2093.464,-1500.4366,944.53503,1972.9429,-975.71906,1147.0449,2070.1455,-1340.7188,966.73364,1945.8516,-848.31946,1528.2113,1425.5864,-184.27008,1287.1351,1449.856,182.67104,1440.4586,1701.1847,-1203.3871,983.75964,1578.7964,-198.76007,1497.383,2108.0012,-600.5454,1115.6147,1949.9677,299.00085,1537.8655,2096.4492,-538.92413,1189.5176,1993.5051,336.2321,1390.8097,2305.614,-822.71606,1023.77985,2141.9348,114.74565
Screenshot 2023-02-19 224514.png,248.91643,276.73807,-346.09518,247.28687,269.16544,-329.39258,248.26085,268.99435,-329.43256,249.20097,268.76843,-329.54172,241.95221,269.69525,-345.72513,238.2829,270.0409,-345.78406,234.15514,270.57953,-345.8111,242.666,271.53452,-241.51457,221.1354,275.59048,-315.24042,249.32597,286.27206,-312.5631,243.76152,287.11237,-333.92667,249.30087,320.07947,-144.62372,196.05942,334.78644,-316.4454,252.30374,384.79483,-126.20431,196.34187,407.9896,-332.83246,259.74072,442.8605,-164.6403,205.98303,473.0858,-351.70505,267.1855,456.35364,-174.49065,206.48674,490.46164,-384.79608,264.3683,458.21133,-197.06317,214.44334,491.63028,-391.0149,259.51645,453.17657,-174.52638,215.99129,485.25192,-355.36346,206.2094,388.4346,57.078453,163.1547,391.72852,-57.137154,272.956,387.46567,-41.6948,165.95856,427.86746,-334.08185,232.76627,445.1626,156.07755,141.06061,489.7663,-126.89847,222.79034,449.6606,175.21407,136.32126,494.62375,-105.46641,254.06644,469.32477,151.16217,146.8217,525.9045,-153.68991
Screenshot 2023-02-19 224603.png,231.12173,340.15375,-304.83652,227.97412,332.51404,-286.55112,227.61572,332.15234,-286.61417,227.12836,331.7809,-286.7085,226.13208,332.68,-308.96408,224.41173,332.49365,-309.04233,222.45198,332.3373,-309.09616,216.43886,334.01996,-196.62283,209.03653,336.11755,-297.60086,228.63115,346.95526,-270.56943,226.02559,347.2919,-299.79108,221.05215,376.25113,-108.91664,176.03365,381.46753,-311.46957,214.0525,437.70807,-94.983635,189.0625,451.77164,-345.11835,218.81598,491.4276,-159.40202,212.99016,504.27106,-365.8866,230.46574,508.32315,-175.13078,217.71156,519.3855,-401.2021,225.41756,509.76526,-194.00172,221.95694,516.92065,-407.1798,221.48166,499.2782,-169.77,220.53792,511.21277,-369.4389,174.67738,450.6513,63.354454,142.04802,456.94727,-63.417454,248.6321,433.55063,-0.5481946,187.27946,455.39218,-346.14883,202.02794,480.93127,176.10194,137.73654,528.57837,-219.3244,194.78864,484.40125,193.022,122.663956,536.57355,-206.91092,214.01393,501.18573,166.02026,156.41335,560.8545,-270.97968
Screenshot 2023-02-19 224627.png,257.7856,304.31458,-317.4918,257.18472,296.07416,-302.16397,257.59232,295.66446,-302.20798,258.0028,295.21954,-302.3077,253.75836,296.77798,-320.37775,251.43855,296.7599,-320.43,248.6249,296.68442,-320.45395,249.71347,296.99875,-217.55396,234.59512,298.62564,-299.88943,256.26968,311.8067,-284.777,252.19965,311.8099,-308.60367,248.80417,340.42273,-126.31552,198.44757,344.69705,-293.0884,235.66728,392.96634,-114.34561,197.64745,407.85522,-315.25766,233.04155,441.77142,-166.881,201.7099,470.63193,-342.9294,231.53871,453.47046,-179.08641,198.2585,486.85626,-374.39236,231.60425,457.49536,-198.1305,205.70792,488.2854,-379.94705,226.93977,450.6922,-176.47433,208.19922,483.7646,-346.15723,203.77444,401.6026,51.45357,168.86043,402.27896,-51.447502,266.45367,394.95166,-19.01383,176.82123,422.8743,-335.70944,239.62236,458.63025,118.68468,152.7892,500.69418,-291.6503,230.29677,468.15613,130.3567,145.33853,510.47617,-288.897,262.5253,475.90964,84.20275,172.9751,528.2264,-381.0068
Screenshot 2023-02-19 224800.png,199.8432,304.33554,-509.83926,206.43404,295.24408,-485.51395,210.00925,295.32108,-485.57794,213.38768,295.43866,-485.69382,193.09772,295.69443,-488.7552,188.26953,296.0759,-488.8471,185.12779,296.59277,-488.91937,220.3187,301.39508,-364.43292,180.2226,303.01956,-378.86002,207.44241,315.54816,-466.65335,191.27142,316.52432,-470.73923,253.26453,365.98676,-295.73108,148.44127,370.4669,-312.27975,260.2243,448.53647,-339.13745,150.08344,461.4256,-347.15845,264.70337,518.9689,-416.87622,149.45692,535.80286,-414.94376,272.11444,543.3612,-453.6287,143.46097,555.0829,-451.71786,265.4989,545.29156,-469.5136,148.70009,556.23883,-469.59097,263.70068,539.366,-426.68066,150.10138,547.96643,-425.07828,232.8497,453.10797,0.7928377,178.9142,456.72266,-0.8827393,309.30884,463.04828,-336.89316,104.08225,459.0315,-315.93683,285.4852,539.7473,-42.4718,135.77362,539.3105,-27.902502,275.47174,551.92975,-19.477383,144.08423,551.8537,-5.578201,313.98343,569.3024,-132.53952,92.34979,566.18475,-122.20667
Screenshot 2023-02-19 224815.png,197.51805,308.03418,-514.48895,204.19934,298.53427,-490.04852,207.91277,298.59018,-490.1078,211.19565,298.78516,-490.22934,190.70076,299.1835,-492.77197,185.7828,299.6812,-492.8714,182.1387,300.39468,-492.94196,218.28448,304.88617,-367.80685,177.41464,306.82797,-380.07657,204.99149,319.4703,-470.94476,189.02411,320.4394,-474.40585,251.46153,370.52972,-303.00842,145.58234,374.5075,-314.73502,257.38885,455.4215,-348.77036,146.72015,466.54913,-350.28754,261.87024,527.2723,-424.4343,146.33714,540.5751,-419.35083,269.6267,548.6959,-461.63174,138.20497,559.696,-455.8543,261.94266,551.618,-477.16998,144.20691,561.1723,-474.42142,258.85947,544.01184,-433.93387,147.53627,552.5886,-429.84174,231.29695,458.81528,-1.245239,176.3191,461.0583,1.1135752,303.86304,466.53214,-343.34445,101.369,460.1666,-309.5176,280.13016,536.9673,-32.343243,132.39038,541.30035,-21.065432,272.20624,548.4138,-7.24467,141.9702,554.259,1.7275642,309.8515,569.60126,-116.85554,91.07653,570.6431,-114.91923
Screenshot 2023-02-19 224940.png,193.692,345.36603,-665.7292,200.73529,334.41925,-643.0967,204.5298,334.16364,-643.1219,208.1817,333.96274,-643.24286,186.81,334.46954,-645.07965,182.30507,334.15216,-645.19464,179.09975,333.9868,-645.27704,215.87468,336.2424,-502.98615,173.95659,336.5966,-514.2352,200.79213,354.69852,-612.97546,185.40321,355.36157,-616.3324,246.19933,390.63535,-393.35175,144.95673,392.49033,-403.1929,249.00116,469.92938,-423.61743,148.13275,468.80582,-438.67633,238.72252,540.02686,-504.26724,149.93925,541.79144,-527.773,237.41354,560.7826,-547.11536,148.17242,562.2858,-573.1024,233.54167,561.9081,-562.3178,150.98901,562.56555,-590.3825,233.43785,553.6025,-512.9417,149.69781,555.3771,-537.7685,222.92952,470.1176,-1.7205614,171.58322,470.53165,1.635364,297.84708,480.51794,-403.38092,94.806625,474.69742,-372.14798,290.06927,557.97626,-54.023277,111.76139,554.7259,-33.576054,280.05002,566.8974,-25.957283,123.071106,564.24176,-7.0079746,309.8653,596.7809,-160.39772,86.514435,590.46045,-144.51642
Screenshot 2023-02-19 224959.png,201.98238,374.58444,-691.4858,209.56503,364.9301,-673.0654,213.21764,364.50137,-673.08484,216.7155,364.14224,-673.22516,195.1996,364.78296,-674.5379,191.35005,364.1032,-674.62994,188.23628,363.4626,-674.7033,224.06009,363.049,-539.07745,181.96835,362.28265,-547.7363,210.0356,384.2067,-638.91907,195.12694,384.16837,-641.49756,250.60484,406.3396,-422.83725,155.02888,404.03708,-421.03122,247.79929,481.44287,-452.87213,156.0289,476.88013,-447.9026,236.46039,548.67755,-523.9032,161.00441,549.97003,-529.1513,233.67915,572.3157,-567.4837,158.32823,573.6389,-572.5851,230.24455,572.15936,-581.60266,164.68011,572.03546,-591.44104,230.58183,561.38965,-531.9022,165.74278,562.27954,-539.62146,227.62506,474.06937,-3.3666334,176.63602,474.70596,3.2610424,295.55426,482.75598,-356.4008,105.41576,472.32553,-326.99176,291.14362,556.8287,-24.908905,119.00632,554.1487,-10.107395,280.79367,566.4864,1.3988868,127.968216,565.5123,14.608625,308.54474,595.27234,-126.486786,92.265144,585.75085,-116.586494
Screenshot 2023-02-19 225030.png,244.28568,346.08005,-135.11765,239.51706,337.81433,-123.94553,238.77773,337.63446,-124.011566,237.92914,337.3925,-124.09054,238.49104,338.47845,-151.11719,237.15724,338.89297,-151.14003,235.70955,339.30756,-151.16089,226.43008,342.77145,-66.750854,225.00645,344.5196,-188.97107,241.8627,355.57306,-111.34823,240.05972,355.60544,-146.67267,205.51294,394.61417,27.1964,201.24078,398.8102,-245.26942,209.71437,472.6477,51.02419,211.04846,485.28073,-250.16629,231.23367,536.0143,24.071308,227.48917,543.9091,-219.30203,237.16743,548.3378,28.364716,232.89986,563.2234,-243.48413,235.54204,550.8271,6.183048,237.74956,564.7059,-241.09346,231.24944,547.21735,13.568997,234.9384,553.66534,-218.3092,150.73067,484.6613,89.900536,134.65294,490.23462,-89.93336,218.47945,495.0137,213.95222,210.578,505.68408,-228.80579,208.08894,548.7036,331.7393,164.5932,596.60944,-186.2059,197.6072,556.9018,342.81622,149.95375,609.9978,-180.972,237.13103,575.0309,331.8823,198.40477,630.6069,-226.48203
Screenshot 2023-02-19 225052.png,296.3571,346.13406,-5.7453966,296.3138,335.9491,6.0407157,295.69852,335.511,5.9677696,294.95248,334.91458,5.9317703,295.09045,335.504,-24.37569,293.73392,334.88416,-24.47825,292.23145,334.16953,-24.543213,280.8195,333.00714,65.78256,279.33456,333.54767,-70.757545,290.70734,353.58954,18.721737,288.62106,352.7653,-20.83454,237.38547,378.43643,156.2024,239.9243,382.09875,-143.87221,242.39082,458.8164,162.88544,238.72456,458.90448,-124.47272,258.89038,483.2148,101.93167,270.96365,480.66547,-17.163067,261.0378,483.33554,101.9474,279.72928,483.87878,-22.690191,265.14417,478.8259,92.54284,280.46408,474.35138,-21.289871,264.36118,479.40244,94.6386,275.59756,473.34338,-13.429706,163.89767,477.27206,94.200775,150.55708,476.17886,-94.07149,248.1175,471.76175,176.72168,245.64418,469.1466,-230.92952,232.01747,561.8639,233.81743,204.23288,584.2759,-238.1454,218.43414,575.09595,238.58545,187.0598,605.3644,-237.94186,255.24568,585.5058,218.00647,247.27762,618.4864,-279.40936
