IMG_4569.JPG,1075.6442,1330.1415,-1170.0079,1108.0585,1297.3416,-1197.6963,1120.682,1300.9622,-1198.6202,1136.6848,1305.8895,-1198.7283,1091.6138,1289.5424,-1093.8772,1090.4113,1287.3269,-1094.9385,1088.5769,1284.4552,-1095.6399,1223.2101,1337.2252,-1185.9769,1148.8599,1311.6445,-716.0234,1100.1581,1380.7008,-1153.1105,1077.5043,1373.0525,-1023.4817,1383.089,1638.5322,-1241.993,1116.5237,1584.6481,-294.05817,1315.2612,2071.231,-1171.0067,1092.6796,1937.5973,-98.60419,1210.3263,2362.2515,-1020.5561,1068.8063,2257.975,-266.38168,1190.6733,2460.7383,-1135.412,1039.5125,2342.5605,-297.73227,1142.5009,2442.262,-1177.2616,1034.8807,2345.8357,-428.36917,1149.9541,2410.2346,-1030.3788,1062.754,2320.9043,-327.07654,1501.1451,2122.8242,-281.76462,1298.5824,2043.2078,281.0369,1275.6442,2119.937,-1352.672,891.1112,1913.1731,-74.48549,1490.4854,2523.2751,-556.51514,1173.5414,2257.783,390.48807,1553.9109,2557.5088,-472.4785,1255.771,2292.0972,441.3714,1394.6992,2761.5789,-692.51984,1126.0358,2425.3667,287.07144
IMG_4570.JPG,314.89432,1043.2439,-1921.5013,366.96008,977.8692,-1909.2592,390.9337,982.2864,-1910.5802,417.23105,987.694,-1910.4584,327.14774,970.346,-1826.979,318.42337,966.0289,-1828.7601,308.83984,959.589,-1829.8629,546.9022,1030.4486,-1668.1381,389.47144,983.2788,-1312.9297,360.786,1115.202,-1815.7991,315.5866,1106.4005,-1720.5653,797.9918,1455.525,-1588.2638,413.01004,1304.3706,-738.57404,847.09186,1975.2871,-1487.0726,477.69598,1711.0403,-524.93915,753.67926,2306.3513,-1357.0864,549.0657,2094.9316,-880.63715,782.70953,2402.6296,-1492.1587,565.09326,2201.9136,-981.894,739.68665,2415.746,-1552.4038,575.1004,2209.807,-1119.0167,720.799,2374.8354,-1376.0388,582.00653,2163.7568,-946.3795,975.6429,1928.0974,-301.77588,718.31506,1848.2292,301.4868,959.04193,2205.1902,148.29074,289.87607,1643.6536,-289.99423,1062.5347,2399.3413,1339.4979,530.0058,2078.7617,351.89227,1105.4482,2400.9604,1452.9795,624.87286,2114.5945,426.19434,925.6313,2670.243,1270.6885,446.8269,2257.2595,280.36664
IMG_4573.JPG,1143.8297,1354.5358,-2790.289,1185.4788,1286.2319,-2716.882,1210.6803,1281.7341,-2718.0527,1233.0911,1275.1761,-2718.122,1108.2772,1281.3292,-2741.0,1079.7859,1274.1271,-2742.1511,1054.1757,1267.3678,-2743.0786,1263.7372,1267.0837,-2114.539,993.7533,1261.0881,-2223.9854,1177.2798,1414.8187,-2541.0457,1078.1324,1416.7197,-2578.3435,1387.3853,1553.0406,-1588.5682,764.2906,1556.98,-1750.5995,1315.8463,2031.0563,-1410.8422,787.24506,2047.2228,-1703.151,1245.6404,2456.6196,-1539.5731,797.06665,2446.792,-1841.6078,1268.7701,2570.9595,-1659.9536,769.75037,2559.05,-1989.6556,1222.7427,2563.8118,-1767.2571,798.4239,2560.3723,-2099.344,1197.2332,2517.2048,-1580.7496,823.8586,2521.6357,-1889.5171,1192.117,2011.9495,66.8528,876.1576,1993.3499,-67.51044,1623.5433,2239.253,-702.8706,436.86285,2205.1052,-1134.768,1324.2761,2361.6838,885.8171,664.82886,2338.1238,589.8593,1268.0679,2333.6677,1042.9889,718.8686,2314.3218,773.04016,1457.3046,2555.0315,737.8499,548.59344,2550.5862,478.36356
IMG_4574.JPG,1088.5009,1332.4391,-2435.44,1142.6718,1278.4178,-2396.8533,1172.0609,1280.1692,-2397.8604,1198.108,1281.7043,-2397.8855,1076.1853,1269.1577,-2333.9998,1055.6274,1264.3114,-2335.1016,1039.7076,1259.151,-2335.8357,1266.1322,1296.1912,-1997.3356,1046.8973,1270.6562,-1714.6204,1144.8508,1398.2285,-2269.7131,1059.4941,1372.9756,-2194.592,1450.5427,1599.7079,-1765.253,989.3483,1496.0707,-1089.0658,1368.6877,2094.6191,-1754.3615,985.6222,1919.3279,-916.8231,1267.7806,2465.782,-1800.5223,930.5343,2290.9812,-1045.5565,1284.9622,2571.5613,-1951.574,906.7888,2398.6436,-1112.6167,1219.1243,2571.4353,-2022.3318,923.6651,2400.9504,-1241.7289,1199.4469,2530.9568,-1825.2488,941.222,2371.843,-1101.5474,1394.3643,2024.9661,-207.72299,1140.0122,1966.8837,206.40695,1510.978,2291.1245,-1680.016,713.0589,1936.2367,-436.9775,1556.349,2471.5906,-273.79462,1016.14105,2217.974,542.46405,1557.4314,2469.0784,-126.79058,1093.2325,2243.8633,644.65356,1540.6868,2729.7979,-384.68695,897.09534,2389.671,404.9692
IMG_4575.JPG,987.70734,1530.926,-2454.381,1057.6843,1462.3635,-2419.623,1092.3829,1459.1206,-2420.757,1118.4008,1453.7332,-2420.7378,952.7874,1445.2438,-2394.3904,921.48206,1437.1328,-2395.6382,895.6275,1429.438,-2396.509,1196.949,1438.897,-1983.4036,874.2572,1424.7047,-1866.6017,1061.0824,1607.0951,-2265.6594,946.0016,1594.5922,-2237.7378,1391.3944,1745.0695,-1610.765,751.00275,1691.5221,-1472.5565,1314.3912,2278.859,-1568.6917,780.4347,2212.0215,-1452.4768,1217.0286,2683.9226,-1682.9451,838.71954,2593.0703,-1607.7797,1246.9855,2786.772,-1814.5214,807.559,2703.6692,-1731.4973,1183.8239,2785.6423,-1900.9921,879.46576,2707.712,-1834.118,1156.8774,2747.9302,-1714.8215,909.287,2672.7856,-1653.4944,1241.9276,2151.9268,-8.402653,918.39386,2139.154,7.6213584,1614.9915,2549.8064,-705.7418,451.0428,2307.743,-639.8057,1397.315,2604.736,721.16705,834.3169,2471.5916,518.4055,1335.4784,2558.0754,874.61755,912.9077,2454.1711,650.8478,1469.9996,2786.213,711.63995,831.14056,2710.598,452.24734
IMG_4579.JPG,1053.1604,838.4387,-2449.3013,1122.741,767.65454,-2423.363,1158.1749,769.87897,-2424.6199,1187.6716,773.41046,-2424.7139,1060.2792,757.90845,-2344.53,1043.2394,751.56824,-2346.2104,1027.8866,745.0996,-2347.3457,1298.7144,817.9665,-2076.1624,1058.193,768.58875,-1719.3597,1097.8539,916.456,-2300.8596,1029.2333,896.9487,-2205.8838,1542.6222,1262.2451,-1816.2588,914.953,1071.3506,-1193.0261,1390.4971,1837.2074,-1660.9517,864.0058,1626.4641,-1032.2957,1307.7034,2303.7747,-1555.6809,864.9452,2082.5269,-1183.0162,1318.9293,2426.181,-1676.6803,813.4535,2198.5103,-1264.8082,1245.6465,2407.1704,-1789.2966,874.5592,2216.7212,-1400.5493,1227.1749,2364.057,-1591.4993,912.4726,2181.8848,-1241.4248,1443.5176,1734.7407,-201.13895,1110.0308,1648.731,199.36055,1712.5481,2028.7678,-1823.9791,630.5927,1558.3374,-658.5758,1708.662,2288.442,-300.93277,892.07025,1951.685,462.20102,1694.6348,2274.2734,-143.35614,978.5412,2003.8953,584.74756,1694.2607,2604.959,-362.72623,720.36127,2139.8477,421.43896
IMG_4580.JPG,1113.1506,906.9842,-2821.7026,1172.6879,845.39514,-2796.9487,1197.2588,848.89935,-2798.1501,1222.8885,854.79486,-2798.0752,1131.7352,834.84753,-2692.464,1123.7109,827.638,-2693.9136,1114.1888,820.30304,-2694.9453,1352.97,907.22156,-2422.3354,1172.8615,852.5083,-1950.8029,1148.9285,976.8529,-2661.8643,1096.2308,957.3623,-2533.4563,1563.5652,1288.2294,-2174.2805,1049.9202,1143.3181,-1199.4541,1408.5637,1860.4382,-2132.8066,1012.90186,1620.952,-997.2395,1319.6338,2318.5588,-2137.913,986.9882,2046.9653,-1247.4648,1330.2914,2436.9072,-2329.4153,966.555,2168.1665,-1342.9244,1253.4987,2429.9336,-2421.6375,989.3012,2175.3975,-1495.3347,1246.0712,2387.3179,-2169.9666,1010.4759,2139.263,-1316.3903,1593.5375,1781.4362,-322.8706,1265.1963,1679.3352,321.35367,1599.5541,2024.4656,-2246.2944,865.50024,1558.045,-549.4515,1773.517,2390.0251,-772.18494,1078.4751,1963.4917,782.7432,1797.1697,2410.9856,-627.4995,1174.3969,2015.8906,918.1826,1689.9673,2707.9211,-1059.1771,945.51935,2170.635,650.01575
IMG_5185.JPG,436.02533,1434.7352,-561.62,456.57944,1374.0171,-632.1134,466.9823,1371.014,-632.9215,477.02628,1368.1982,-632.8904,449.71115,1375.6561,-471.6386,455.1477,1373.9194,-472.83972,459.53387,1372.2014,-473.30328,565.98926,1365.8665,-814.03516,538.2536,1375.6852,-80.22836,482.25974,1475.3184,-616.3754,476.16553,1478.4768,-411.86096,804.4863,1626.0767,-1201.4363,712.7068,1665.6656,503.28204,788.7417,2120.7388,-1297.2406,779.41736,2062.1594,594.67334,779.13104,2517.9487,-1006.41846,794.90735,2431.7214,156.46318,799.8892,2644.938,-1155.7571,766.59283,2540.804,132.49257,735.18445,2638.76,-1129.0032,753.19995,2561.5874,-40.317753,743.124,2602.3555,-984.87683,768.8336,2513.1597,66.79223,1348.8174,2057.046,-513.35254,1196.37,2089.1086,512.9211,823.2072,2219.9414,-1473.6165,771.22046,2261.3975,164.97548,1191.7109,2852.3523,-1301.4885,1057.5956,2825.597,267.50363,1294.4314,2913.3257,-1292.8346,1158.609,2881.112,269.3156,1013.1045,3123.5688,-1685.086,891.75824,3043.707,-18.050314
IMG_5186.JPG,491.98206,1369.6602,-1425.0367,527.3536,1309.8025,-1451.1741,543.1944,1309.3665,-1452.1104,563.2251,1309.1201,-1452.1617,511.25995,1309.6605,-1335.9142,513.13635,1309.5166,-1337.2347,514.0152,1308.4286,-1338.1112,683.51825,1341.4978,-1435.4136,602.57227,1336.6145,-908.6266,532.27356,1430.7809,-1408.7765,513.6308,1433.9489,-1264.0419,942.01166,1668.098,-1632.6119,689.57117,1714.7383,-359.55554,864.44714,2242.6003,-1765.6122,664.429,2153.4658,-261.35205,794.82715,2762.0105,-1652.889,638.19727,2612.8293,-544.2631,754.2002,2848.1577,-1852.2076,623.7005,2737.2866,-608.5125,684.36896,2833.0752,-1862.3038,605.7182,2737.8428,-777.09546,715.9904,2826.095,-1655.1112,631.163,2697.5881,-626.1801,1331.6372,2176.256,-382.04608,1084.8134,2170.847,381.08118,872.3467,2284.8938,-1647.256,569.96643,2121.6206,-28.132786,1263.0724,3008.8335,-1181.4141,814.8472,2686.6465,682.13184,1362.247,3098.7446,-1142.3773,911.2681,2737.4194,752.44055,1230.9252,3391.6614,-1597.3958,734.264,2986.7944,514.29065
IMG_5187.JPG,599.193,1491.4436,-1878.1823,626.3843,1419.6061,-1867.9199,645.74194,1416.4264,-1868.7041,667.0959,1412.7524,-1868.7393,593.4547,1423.7228,-1792.1626,586.186,1422.7258,-1793.3169,579.0481,1420.8867,-1794.0443,774.3297,1418.343,-1654.6373,630.4447,1424.2462,-1314.6028,646.42267,1527.2804,-1786.3942,603.8017,1532.8657,-1694.1737,1051.7195,1706.3699,-1622.8025,634.9129,1712.3062,-792.3049,1030.8469,2221.0767,-1647.3292,670.8663,2142.6628,-731.5739,1055.447,2727.436,-1532.1416,642.479,2549.6624,-903.06366,1074.5115,2843.8499,-1679.2189,603.9963,2670.5967,-968.95233,1012.5784,2840.5127,-1744.0483,629.7529,2702.0415,-1108.6857,1001.9994,2796.7517,-1553.0942,674.7586,2656.9465,-969.12756,1206.9187,2078.666,-231.89891,959.574,2120.249,230.4336,1143.5931,2240.7356,-1679.1029,497.98956,2122.9773,-664.2683,1378.9583,2812.48,-974.3276,646.1825,2593.4148,119.36813,1438.4808,2863.0828,-914.39465,720.0264,2663.8313,194.02151,1343.626,3061.8872,-1397.4182,519.5488,2790.0918,-127.46091
IMG_5188.JPG,736.08875,1249.5413,-2101.112,776.7625,1185.2151,-2059.7014,803.5536,1180.6213,-2060.3474,827.3941,1175.4901,-2060.4724,713.72565,1186.4556,-2016.7231,699.1111,1183.7676,-2017.7322,686.72577,1181.4753,-2018.569,892.1113,1170.9491,-1696.9386,703.0257,1183.8224,-1502.5615,791.47156,1288.2256,-1955.5264,725.10596,1295.2214,-1904.7753,1121.4521,1432.6954,-1464.882,663.50433,1466.1118,-1151.2639,1135.3667,1939.4023,-1531.186,709.19977,1916.6337,-1262.684,1200.452,2397.418,-1612.9813,697.5277,2356.7412,-1487.764,1209.7358,2513.798,-1755.3474,682.1897,2489.8816,-1618.2783,1173.344,2517.7588,-1859.1306,710.31396,2488.1018,-1730.0054,1163.722,2482.2878,-1654.2289,726.9257,2445.5198,-1543.8389,1132.4105,1886.1154,-81.24479,871.77686,1908.0165,79.814804,1292.8701,1930.1849,-1435.6844,534.16504,1897.1013,-1132.7161,1450.1693,2444.2432,-609.89404,629.5759,2350.7593,-135.01906,1459.6277,2511.4165,-542.8561,692.9682,2428.598,-39.973377,1479.2452,2667.9983,-1011.5621,456.15903,2533.3074,-394.2606
IMG_5189.JPG,909.67926,1089.2992,-2390.0896,949.41736,1021.2989,-2324.1924,978.293,1015.4511,-2324.9902,1000.1841,1011.1945,-2325.0906,870.44385,1020.8734,-2318.607,847.15173,1016.4709,-2319.576,829.5012,1013.6274,-2320.3184,1046.2158,1009.5692,-1837.7721,815.3261,1024.6608,-1814.7169,968.455,1143.3152,-2195.026,875.0321,1154.4509,-2194.3403,1237.8562,1345.0319,-1469.9504,701.55225,1343.4878,-1526.6256,1245.33,1844.4178,-1533.291,751.4417,1841.8477,-1754.6022,1326.4479,2308.4983,-1693.1495,743.59906,2325.5464,-1969.8248,1340.7566,2422.4978,-1827.3191,767.72266,2462.2349,-2134.0928,1309.1936,2429.766,-1946.6255,777.0369,2462.9385,-2231.0923,1302.3552,2395.2595,-1742.1715,769.12714,2413.1477,-2019.3909,1162.8691,1807.0688,32.889404,870.6292,1818.422,-34.46314,1432.1641,1819.6804,-1422.1587,565.9674,1847.3813,-1564.917,1507.749,2323.3762,-327.09314,597.50543,2344.234,-467.46594,1461.0521,2404.6504,-243.08531,670.9014,2415.656,-373.68866,1634.6364,2515.1353,-774.29333,475.80243,2554.2297,-884.59064
IMG_5190.JPG,851.3969,911.6782,-2250.0369,897.10004,846.33246,-2182.4111,929.7866,840.86884,-2183.1177,956.88104,838.33167,-2183.2397,819.4208,847.3277,-2177.6113,800.9671,845.2041,-2178.6567,786.6753,842.6692,-2179.3923,1008.07385,848.1384,-1717.6095,784.57837,856.8729,-1699.116,913.76404,972.1306,-2065.917,821.5499,976.3278,-2066.3916,1190.0419,1194.4282,-1332.506,638.1138,1192.4668,-1503.5876,1218.5481,1690.2756,-1343.9147,691.933,1715.1267,-1686.1527,1297.8911,2127.4954,-1458.0012,726.1843,2188.0562,-1852.6515,1344.6042,2244.1875,-1577.0992,746.19904,2320.4695,-2022.6359,1311.206,2248.1794,-1707.7086,763.3806,2306.407,-2121.0105,1287.7854,2219.9944,-1510.5864,762.8135,2264.2556,-1901.1537,1074.5731,1667.8818,76.14393,778.43884,1672.8776,-77.760124,1385.1365,1663.1271,-1294.1255,521.319,1725.9949,-1628.6459,1413.6534,2155.0134,-178.94489,511.28915,2247.5984,-611.16797,1363.2694,2234.2769,-94.946045,559.2271,2339.745,-527.1638,1586.0712,2307.9014,-616.8182,448.387,2450.1536,-1065.4298
IMG_5191.JPG,1044.572,1044.0215,-2222.0222,1078.5624,990.6399,-2149.3828,1101.3595,988.6631,-2150.2078,1120.1484,988.55023,-2150.3342,1004.41956,984.7007,-2183.213,984.0246,980.1153,-2184.0396,964.4002,977.3061,-2184.5808,1133.2245,998.14716,-1654.8793,919.2943,993.1363,-1810.4392,1081.0424,1097.9653,-2025.0607,996.67444,1097.6101,-2074.9058,1226.865,1313.2947,-1197.3798,745.2893,1275.8427,-1620.789,1237.8903,1742.9958,-1180.3655,781.18646,1779.8099,-1826.1393,1316.6395,2171.4055,-1307.2814,790.6137,2249.6636,-1982.7325,1352.2817,2270.0662,-1398.7328,813.38605,2375.0964,-2148.7964,1337.8309,2282.7708,-1525.5446,844.41785,2374.58,-2241.7686,1310.3436,2255.784,-1359.4829,841.29553,2333.1465,-2029.6985,1033.5592,1744.4633,171.28673,761.63214,1727.4412,-172.15811,1391.6692,1699.4733,-742.67523,623.33923,1783.8794,-1666.9177,1354.3682,2183.8357,-94.574646,528.5904,2323.0679,-1001.89,1313.1172,2261.906,-57.22691,532.88806,2391.3167,-949.7259,1533.0084,2331.4626,-533.5965,532.3508,2543.1147,-1488.2556
IMG_5192.JPG,990.42725,1007.92957,-1794.4446,1011.37885,956.695,-1703.0552,1027.1624,958.61285,-1703.7444,1038.6312,960.04565,-1703.7115,954.94147,945.44446,-1772.8685,931.9928,940.94995,-1773.591,909.8488,938.6742,-1774.014,1016.305,975.7599,-1200.2897,839.1497,952.76764,-1521.2571,1000.1804,1060.307,-1600.1713,936.076,1057.3912,-1697.3844,1010.8357,1251.863,-717.39166,632.2395,1223.6646,-1505.7749,1002.58527,1642.8407,-627.3127,695.7481,1704.138,-1693.7125,1039.4557,1999.7266,-736.6825,703.87036,2131.1763,-1748.3528,1079.9993,2101.2678,-773.83044,707.66614,2249.8784,-1915.1063,1073.6896,2115.143,-906.41504,758.5924,2237.085,-1966.5562,1032.8503,2111.246,-790.18085,763.73236,2190.6624,-1775.5293,728.75995,1642.7235,280.38022,498.41595,1618.3441,-280.73236,1126.8044,1605.6732,-208.97139,583.6995,1701.5845,-1575.2537,1022.9957,2033.8379,203.01729,395.06503,2230.9321,-1128.5839,942.71204,2093.852,222.90852,335.03723,2293.0342,-1090.7767,1140.0884,2195.9636,-103.0781,494.53494,2414.8882,-1512.683
IMG_5193.JPG,1039.7571,962.39844,-1574.8485,1067.3185,916.4949,-1479.7928,1081.3418,921.4338,-1480.498,1091.7742,925.0171,-1480.3706,1018.0017,898.0177,-1562.877,1001.07074,893.30194,-1563.6709,982.7818,889.7995,-1564.1459,1069.5594,932.94556,-966.06287,906.19196,896.915,-1347.1904,1044.352,1013.72064,-1374.839,991.71655,1000.6981,-1490.2668,1005.41986,1216.0077,-398.07687,686.0629,1168.1306,-1446.997,1006.5573,1581.5374,-286.26584,740.73315,1649.8146,-1613.038,1024.2689,1961.3317,-448.10806,751.5917,2089.9807,-1613.9417,1048.0741,2050.728,-468.61856,762.021,2203.2778,-1802.2759,1052.1411,2068.8452,-623.7725,808.3426,2193.2607,-1828.156,1025.7329,2050.5886,-511.85364,808.56256,2163.4463,-1631.5166,658.15137,1617.1852,380.3717,436.4633,1583.8367,-380.34402,1095.2286,1555.7219,20.763763,690.7062,1651.0669,-1792.9519,915.8129,2005.8289,372.93088,410.4881,2230.1455,-1390.7467,837.84595,2060.2478,386.19553,331.19052,2303.6704,-1353.36,1076.9601,2148.2925,88.401085,578.3711,2405.135,-1762.3418
IMG_5194.JPG,1732.435,909.20636,-1515.209,1751.6691,855.37897,-1406.0483,1761.2964,861.6776,-1407.068,1770.917,868.211,-1406.7963,1717.7131,842.826,-1500.1365,1697.7393,841.7994,-1501.0854,1672.192,838.76733,-1501.689,1724.7909,891.6798,-843.0659,1569.253,853.17487,-1270.8705,1721.2723,975.07697,-1297.2767,1673.1782,953.4369,-1427.843,1546.9706,1224.0243,-217.87605,1340.0419,1123.0894,-1415.5496,1527.8676,1614.4398,-50.8784,1357.3597,1640.5082,-1572.7573,1492.0359,2004.4691,-283.72064,1350.616,2102.9116,-1589.5559,1500.7395,2116.4783,-305.7962,1329.8984,2238.1733,-1816.7058,1491.44,2131.7673,-498.87958,1386.4546,2221.7224,-1813.7238,1469.2345,2092.1785,-363.60483,1394.818,2171.0789,-1599.9598,1097.66,1601.4357,442.5032,896.36816,1568.6907,-442.05258,1496.8389,1650.566,523.29065,1334.8767,1647.8013,-1629.6686,1209.0458,2137.443,885.1141,978.49316,2273.6936,-1147.8975,1205.1398,2126.314,898.08014,846.79926,2371.5117,-1094.7775,1383.3059,2290.951,627.3329,1184.8427,2468.8044,-1404.9532
IMG_5195.JPG,1663.7649,856.10706,-915.30426,1661.4707,791.55115,-837.31726,1662.6312,790.8347,-838.2411,1664.5737,789.8601,-838.2282,1644.9452,787.492,-979.4829,1632.1357,783.99133,-980.549,1615.2203,780.5613,-981.3119,1578.4292,790.70044,-411.68707,1518.6906,784.79095,-1054.4691,1633.3748,911.9414,-738.9106,1612.9082,903.2369,-932.1608,1360.0526,1096.4495,189.84854,1302.7874,1072.7529,-1293.2073,1298.0609,1582.0964,441.33643,1331.1744,1592.9441,-1421.9615,1322.732,1961.2148,358.31537,1327.4033,2048.1692,-1374.2712,1321.2654,2050.2983,382.72842,1327.9503,2182.0425,-1600.0869,1356.0977,2067.822,171.22862,1368.8085,2180.1345,-1558.6886,1343.9283,2029.4369,272.91696,1367.9393,2121.2188,-1366.614,920.62714,1591.0001,496.1169,802.04596,1572.8326,-496.29477,1359.9941,1660.3666,712.68835,1339.9674,1596.4263,-1167.664,1033.6686,2205.1084,939.43524,975.92303,2248.5234,-717.6908,950.5517,2340.0063,942.42487,859.65765,2364.1296,-664.04663,1243.2017,2356.5146,705.34436,1237.6102,2417.365,-867.2966
IMG_5196.JPG,1743.7728,1001.40436,-452.2178,1742.0698,926.25726,-407.5025,1739.5813,922.8743,-408.32745,1737.6033,919.6651,-408.51028,1733.7101,923.2004,-543.817,1724.12,918.0129,-544.74274,1712.4761,912.1193,-545.35925,1649.7979,908.8282,-124.88068,1633.578,908.15186,-745.8353,1702.9629,1043.4025,-326.28912,1691.2595,1038.8644,-512.8667,1405.8185,1152.3584,337.01532,1430.5714,1166.0607,-1028.7698,1338.1443,1637.4431,522.1329,1476.5281,1646.2544,-1116.4478,1395.6562,2082.7397,488.71515,1452.3219,2120.51,-954.7677,1380.3182,2144.568,531.86304,1458.8398,2235.885,-1130.3054,1414.6956,2169.606,342.18805,1502.5353,2242.666,-1094.6414,1411.0377,2146.0593,414.09198,1490.7374,2207.4512,-945.39325,989.298,1670.7072,472.62418,947.6529,1626.2202,-473.13998,1472.6631,1716.0099,1049.3448,1468.0454,1663.5475,-1296.1304,1141.9059,2033.7942,1492.4197,1162.5879,2318.2375,-1162.0547,1060.6528,2064.8645,1530.4783,1038.8678,2428.317,-1129.4683,1082.6344,2130.66,1495.9323,1386.7852,2468.449,-1258.0771
IMG_5420.JPG,1895.6439,1106.0869,-1713.2117,1911.6552,1042.3827,-1626.539,1923.1561,1044.6299,-1627.3956,1933.6154,1046.1753,-1627.3877,1855.444,1034.3163,-1689.8508,1822.5278,1034.5558,-1690.9058,1784.938,1035.0463,-1691.6967,1883.6489,1060.6918,-1139.3955,1693.5627,1052.5651,-1421.2985,1882.7416,1179.7559,-1519.1528,1833.722,1181.1128,-1607.593,1738.0378,1398.3153,-627.6418,1402.4125,1391.0631,-1423.8896,1616.665,1771.7727,-417.68408,1258.3698,1858.4845,-1524.2861,1565.1572,2158.2363,-405.04706,1255.549,2337.905,-1633.8484,1573.2898,2260.8425,-419.33975,1234.1136,2448.6885,-1855.4062,1550.0879,2267.6384,-582.0604,1308.6604,2453.4028,-1864.7896,1494.1022,2246.862,-464.15808,1306.1252,2410.5508,-1653.4741,1266.2749,1725.2272,295.89008,1010.2966,1687.8976,-294.95175,1789.9928,1740.2773,103.813774,1174.6703,2019.2682,-1452.7705,1423.3511,2148.5679,428.9589,911.669,2438.3623,-725.49274,1343.0876,2166.4836,448.33292,834.8167,2478.5237,-639.7715,1489.8073,2351.7068,257.48145,915.68604,2758.5667,-856.1134
IMG_5421.JPG,1596.8671,1055.3259,-2527.164,1619.6664,981.0888,-2427.3054,1636.7532,984.61926,-2428.0386,1650.5726,988.27264,-2427.8948,1553.4419,973.01917,-2495.028,1522.2682,971.82074,-2495.9746,1488.0996,973.5135,-2496.7798,1619.5114,1006.96875,-1809.4908,1393.6847,984.5727,-2118.181,1593.6438,1126.0519,-2281.7742,1524.5077,1129.9617,-2376.3745,1541.5887,1323.0619,-1143.4137,1105.7479,1292.831,-2009.5295,1435.2157,1725.5156,-1063.6057,1016.9608,1776.8768,-2157.762,1379.3785,2076.5303,-1244.5447,1027.8406,2229.0947,-2275.1992,1400.1794,2181.0542,-1289.0105,1006.35645,2348.1326,-2519.8918,1349.7224,2188.074,-1439.6815,1064.5663,2337.1865,-2535.6533,1318.7969,2153.02,-1301.7367,1076.9586,2305.5933,-2293.8752,1130.9117,1601.6182,322.9041,874.69653,1569.7964,-322.34695,1636.3105,1691.8556,110.57687,883.77625,1896.4327,-1739.1438,1395.3147,2019.874,852.29047,708.97626,2278.9502,-851.6179,1303.3596,2026.9086,906.7125,682.09216,2319.8828,-764.24176,1458.7802,2207.3691,619.4453,640.3152,2566.856,-1168.7544
IMG_5422.JPG,1688.5327,1128.2356,-2690.081,1713.9521,1050.0039,-2580.2097,1730.9272,1049.9995,-2581.2356,1742.3138,1049.7423,-2581.3547,1642.086,1048.099,-2640.3376,1606.3733,1047.1559,-2641.1138,1574.155,1044.0922,-2641.426,1698.4026,1067.328,-1937.8824,1471.0774,1063.0134,-2197.956,1698.1171,1199.2678,-2437.4038,1610.9535,1197.9697,-2519.2056,1717.9475,1400.9199,-1457.5696,1138.4812,1367.3938,-1846.2836,1581.5461,1851.8306,-1352.932,1086.5853,1912.1217,-1971.7166,1535.0745,2268.1748,-1590.0074,1068.0133,2338.9285,-2182.867,1554.3315,2372.1504,-1731.5,1051.1355,2458.1208,-2384.1335,1503.0408,2384.6938,-1849.91,1107.2375,2453.146,-2480.2341,1480.1562,2347.2578,-1641.5751,1125.022,2419.2275,-2232.7373,1420.2782,1686.8708,124.61973,1081.8146,1678.1787,-125.67035,1791.7957,1859.7632,-781.36255,818.4142,2035.7732,-653.6383,1517.0428,2134.9407,445.7732,743.98224,2279.4976,711.06555,1425.0973,2137.4634,561.36237,780.1891,2321.621,844.7985,1512.3328,2383.085,257.52713,615.27484,2539.0134,479.78683
IMG_5424.JPG,1241.5317,1320.787,-2382.7024,1262.813,1268.6143,-2294.0254,1279.3276,1271.102,-2294.76,1291.6001,1271.6564,-2294.4924,1206.6273,1259.4094,-2354.6665,1183.4421,1256.5963,-2355.2893,1158.5349,1258.7021,-2355.8013,1288.3539,1272.785,-1723.6683,1086.2063,1259.0765,-1996.2125,1249.3668,1370.2589,-2151.4492,1183.8035,1365.415,-2235.9734,1290.2286,1466.3499,-1135.927,891.1362,1495.0808,-1830.9471,1213.6042,1806.8563,-1117.868,894.76056,1885.8848,-1974.8392,1176.5044,2109.398,-1422.2274,897.12103,2187.53,-2098.8042,1203.0143,2187.3904,-1489.6477,899.4202,2267.8782,-2305.3462,1181.4348,2204.5889,-1614.813,934.4762,2259.7375,-2333.4133,1156.6631,2181.4888,-1472.5049,939.99615,2235.7334,-2120.6943,934.53204,1698.7379,273.28995,686.7963,1687.3578,-273.14313,1304.9596,1737.2623,30.065115,710.9477,1912.8976,-1419.647,1170.5935,2080.2737,694.8097,625.0545,2204.5295,-641.673,1100.0123,2088.0706,743.0325,575.8845,2245.7605,-565.1809,1274.0591,2157.9006,481.9464,708.1947,2409.6833,-911.467
IMG_5425.JPG,1219.1818,1255.0176,-2520.1624,1264.7021,1197.2906,-2426.6558,1288.3789,1197.3859,-2427.3347,1303.6255,1196.0402,-2427.0864,1186.7543,1187.447,-2473.988,1159.6016,1182.947,-2474.5806,1134.505,1180.9589,-2474.8984,1313.7283,1201.0194,-1820.6798,1062.4049,1177.0328,-2025.4387,1249.0276,1311.7833,-2275.0437,1148.4006,1308.8806,-2340.2249,1341.9044,1418.3354,-1254.754,857.0897,1453.1637,-1782.8942,1244.501,1794.624,-1264.9347,883.1452,1870.9353,-1943.9186,1226.7517,2130.375,-1557.0768,917.3789,2237.2336,-2102.182,1249.147,2207.946,-1650.2555,925.8365,2317.8804,-2297.207,1239.697,2230.2832,-1765.222,966.19025,2300.7114,-2340.0952,1213.9669,2204.542,-1603.9661,970.5581,2273.4976,-2129.5066,1010.09314,1690.7865,196.54767,731.49133,1680.1727,-197.06712,1371.0367,1728.4329,-664.3267,674.59735,1947.272,-978.1706,1139.8314,2083.6624,-6.77639,607.35785,2238.0432,35.27566,1064.6224,2139.841,44.305058,558.47034,2274.4336,132.17593,1242.6387,2187.727,-278.92145,669.3587,2454.383,-203.00655
IMG_5427.JPG,643.3216,1240.0874,-2025.2235,670.13367,1168.8243,-1989.4655,692.7689,1166.5757,-1990.2788,717.79626,1163.0981,-1990.3253,631.53485,1168.6193,-1931.8187,620.7961,1167.0273,-1932.9712,608.74725,1165.5277,-1933.7102,808.77124,1154.29,-1667.1519,646.695,1172.8083,-1411.073,698.8206,1281.9221,-1891.4976,644.9047,1282.5112,-1823.8322,1070.4064,1448.1882,-1557.4846,617.0574,1414.5403,-857.6301,1089.8463,1911.5817,-1519.4352,693.26013,1795.6191,-663.1016,1036.3013,2286.748,-1451.1305,712.6784,2147.9055,-782.70996,1041.2131,2410.9756,-1601.2395,686.2762,2255.8345,-839.1832,988.07764,2389.6418,-1652.037,719.7295,2258.4497,-970.65875,984.39136,2349.2068,-1469.615,742.63007,2227.659,-839.3614,1237.629,1701.0198,-228.29172,988.7377,1708.861,227.02051,1194.1177,1923.5569,-1659.7434,506.52048,1736.8499,-532.0598,1380.9199,2320.3828,-705.51624,697.77637,2108.3494,364.256,1429.0973,2344.0603,-613.60486,757.6137,2136.9497,454.07245,1347.584,2590.9065,-1002.4278,553.4312,2255.3096,194.19856
IMG_5428.JPG,1191.5837,1406.1748,-2037.5082,1238.8062,1339.6807,-2009.095,1277.1691,1342.4004,-2009.7856,1310.2288,1345.6866,-2009.7642,1158.1903,1330.0398,-1966.0128,1137.8765,1324.3964,-1967.2814,1121.4985,1317.9647,-1968.1587,1401.8237,1356.5173,-1711.7421,1134.2793,1321.4237,-1525.1354,1261.0029,1487.4401,-1911.5575,1162.9951,1462.435,-1862.8229,1640.6432,1602.3114,-1481.569,1061.6195,1534.5337,-1166.9597,1579.8842,2172.1575,-1488.2494,1142.7012,1969.7214,-1021.5593,1525.4734,2516.3855,-1444.5354,1180.2107,2318.5361,-914.18475,1490.7603,2634.7625,-1560.3019,1173.4773,2445.388,-970.58673,1453.7499,2608.0784,-1604.9945,1187.2344,2453.4358,-1054.8275,1455.1434,2570.883,-1459.5714,1203.852,2415.1167,-946.73376,1564.6255,1902.8536,-70.443054,1289.1539,1844.7428,69.543655,1809.7458,2091.439,-927.0688,917.24084,1913.7599,-866.3728,1812.4061,2440.789,44.148064,1046.9877,2240.7605,179.89856,1783.7537,2441.6733,140.86372,1107.1311,2271.748,296.75696,1789.66,2709.8997,-117.428185,894.35077,2462.0325,144.39597
IMG_5429.JPG,934.9137,1198.5502,-2460.7114,988.1356,1142.5215,-2451.9207,1013.16656,1147.967,-2452.7766,1041.3792,1154.1538,-2452.7097,935.9551,1128.7335,-2361.9802,924.5258,1123.3544,-2363.359,914.8355,1117.3235,-2364.3584,1167.5089,1175.1353,-2179.6116,975.20386,1131.24,-1775.3353,1008.66064,1276.5371,-2339.6643,933.95435,1252.9075,-2228.6477,1470.5175,1440.6083,-1897.4222,962.4769,1354.8585,-1225.5378,1402.8628,1995.5265,-1781.5464,1029.3575,1787.5697,-912.3784,1339.601,2314.5977,-1681.362,1077.2128,2129.0608,-974.1569,1314.6818,2425.7512,-1819.8583,1066.1685,2229.4104,-1049.3839,1267.0496,2390.7397,-1905.7257,1082.4335,2236.4563,-1177.941,1266.8955,2359.67,-1709.2476,1102.497,2208.3003,-1027.6764,1503.7906,1777.6881,-209.51353,1226.8945,1713.3512,208.58876,1637.206,2005.431,-1457.7251,859.4656,1713.1267,-490.37744,1676.719,2352.032,-298.54147,1092.2953,2026.7971,551.38116,1697.8005,2401.3599,-181.93303,1167.1545,2041.0723,665.7295,1554.8853,2597.4395,-538.00073,993.917,2231.3098,462.41995
IMG_5433.JPG,1778.6448,1234.8136,-539.94867,1807.511,1177.4827,-508.05106,1806.0886,1172.8451,-509.23322,1805.1516,1168.0768,-509.31897,1796.4191,1170.7792,-616.2912,1786.1731,1161.492,-617.07446,1774.3921,1150.423,-617.5124,1705.4884,1098.2596,-279.11087,1674.572,1088.2024,-767.8247,1706.0676,1248.2986,-434.04413,1689.0458,1243.3027,-583.9019,1504.5896,1286.0465,68.26557,1258.3046,1265.3798,-885.4136,1441.251,1584.7585,354.54123,1129.7308,1732.5188,-843.8639,1401.3865,1921.679,278.5876,1139.239,2120.3726,-751.64484,1377.9263,2036.4133,282.5414,1134.7639,2240.4907,-931.78253,1360.2625,2030.2834,102.23066,1196.624,2215.7678,-912.48944,1350.4755,1985.7013,210.85558,1195.2151,2175.8008,-754.7343,952.26495,1503.4386,369.95584,742.35065,1495.2112,-369.60333,1344.7346,1797.7126,478.17285,1069.0167,1823.9729,-1169.0078,1090.1057,2122.091,772.89514,765.3608,2290.6519,-816.7825,890.505,2198.8225,789.86475,659.24097,2339.1584,-767.4438,1141.8452,2341.081,641.35626,927.10803,2531.672,-911.47156
IMG_5436.JPG,1444.3153,1234.4052,-2614.7812,1481.3505,1160.8352,-2513.6611,1500.0215,1159.231,-2514.6562,1513.5753,1157.8289,-2514.7292,1402.425,1155.0992,-2572.013,1369.0892,1150.4124,-2572.6357,1342.304,1147.8352,-2572.9065,1489.6838,1170.3625,-1884.679,1255.493,1154.5638,-2137.447,1465.4679,1290.5585,-2364.4683,1367.8011,1302.1667,-2443.891,1543.766,1415.7444,-1387.4181,975.43494,1422.2526,-1752.8796,1465.3422,1828.6934,-1317.2654,928.0038,1878.5032,-1895.4369,1432.9854,2194.409,-1599.5106,956.83215,2246.6396,-2075.2524,1430.6927,2299.8564,-1737.4591,963.8753,2365.2356,-2242.4893,1389.3408,2303.4749,-1826.4082,1005.2665,2350.1763,-2315.6821,1377.3849,2272.787,-1639.9319,1014.82043,2315.0618,-2113.639,1290.5165,1685.9656,132.33258,952.37115,1682.0248,-133.11234,1682.9347,1764.9484,-705.6583,704.0342,1941.6726,-671.0954,1523.9352,2105.0786,334.23367,589.6402,2232.399,440.93213,1475.4045,2145.112,429.28928,577.72406,2257.48,551.09393,1647.9814,2321.6604,128.93689,581.47455,2491.548,195.23798
IMG_5437.JPG,1203.8041,1250.835,-2679.8943,1242.9529,1185.2546,-2597.5173,1270.3142,1180.5579,-2598.3037,1292.3695,1177.5228,-2598.3748,1159.0697,1181.4396,-2609.2744,1131.2672,1174.9343,-2610.1394,1106.4156,1170.8921,-2610.683,1328.6259,1186.2921,-2037.0066,1048.3083,1182.688,-2081.7349,1248.5475,1309.5001,-2455.0034,1143.5647,1308.6855,-2472.8054,1434.124,1454.2958,-1579.9993,868.3188,1444.1167,-1645.3075,1390.9377,1892.0947,-1581.7285,863.7655,1877.7906,-1630.2997,1354.474,2241.973,-1697.7599,874.9289,2219.3323,-1696.7239,1354.2522,2354.7932,-1831.0912,880.5732,2326.9417,-1828.0768,1319.5175,2355.617,-1897.7839,916.7751,2321.0486,-1909.2998,1306.7634,2326.4412,-1726.2485,927.52344,2290.0044,-1733.0577,1286.3636,1644.8186,37.975025,973.4816,1653.4873,-38.819504,1626.6539,1866.1783,-964.3956,629.1528,1880.2979,-994.631,1535.2504,2145.3525,305.4745,578.9932,2178.0686,231.65205,1475.1692,2185.922,420.59415,624.45636,2218.1907,347.85886,1642.9269,2383.5295,75.20244,509.76627,2414.0317,-55.876324
IMG_5438.JPG,1091.7504,1272.8019,-2521.7295,1147.2197,1199.0797,-2452.546,1170.4694,1198.3914,-2453.2893,1192.0387,1197.6893,-2453.2817,1051.3258,1189.9723,-2445.1716,1026.3212,1184.2131,-2446.1467,1007.79584,1179.6681,-2446.8425,1258.194,1202.881,-1957.4999,979.01697,1183.4421,-1922.1467,1153.7542,1335.0059,-2322.4553,1038.6075,1328.5577,-2317.3462,1404.9185,1478.5302,-1536.8605,836.12775,1429.3566,-1480.2102,1379.3385,1913.2294,-1497.7203,862.31085,1850.4836,-1378.1768,1348.0151,2279.3486,-1577.3785,863.049,2203.5215,-1383.0511,1322.3378,2377.1206,-1700.7902,861.9094,2308.9263,-1489.857,1288.6624,2366.7478,-1766.5353,896.78705,2308.8198,-1567.3617,1289.9409,2336.5044,-1602.9146,911.54156,2274.3604,-1416.1696,1273.2205,1689.4703,11.80434,950.7412,1662.2546,-12.590618,1623.591,1919.7095,-937.2568,622.9078,1837.8414,-1015.2453,1605.1442,2226.8818,213.77162,624.75946,2112.289,329.80957,1557.875,2247.2126,319.52524,678.092,2144.6963,467.222,1642.3018,2459.8096,-15.717912,515.9036,2329.82,196.37505
IMG_5439.JPG,1320.7102,1301.3662,-2257.4124,1361.2029,1249.436,-2183.0354,1382.1622,1246.7535,-2183.699,1398.073,1242.9076,-2183.6692,1288.1405,1246.454,-2214.8147,1260.7655,1243.909,-2215.3257,1238.3837,1242.9126,-2215.5828,1398.0604,1245.056,-1680.3455,1173.1655,1246.7494,-1818.0006,1350.0563,1353.3043,-2054.9358,1256.3833,1360.7507,-2098.9768,1448.914,1442.7677,-1243.2228,976.56744,1418.0088,-1511.2241,1366.2054,1795.5321,-1209.6606,990.5438,1840.156,-1615.0669,1349.1106,2092.2837,-1348.8077,993.9054,2136.4949,-1730.5481,1344.0302,2176.429,-1430.8544,993.34357,2232.9758,-1861.513,1332.8899,2182.7124,-1509.0973,1024.0107,2222.5198,-1919.4679,1325.9784,2148.93,-1380.0585,1035.6134,2192.32,-1759.6188,1270.2028,1649.8307,109.1117,981.43475,1623.8186,-109.50053,1542.3932,1734.8613,-634.45575,777.2221,1841.2524,-941.9861,1356.8024,2065.336,115.92705,742.47296,2136.9749,-55.718075,1300.8802,2074.1008,178.36049,728.799,2162.8755,26.774475,1381.8177,2251.4714,-135.70174,748.85803,2344.9402,-336.4742
IMG_5440.JPG,1168.6907,1325.4259,-2441.8735,1222.4738,1252.5957,-2372.2148,1249.573,1247.7766,-2372.8533,1270.1638,1243.8435,-2372.8625,1136.1179,1250.0034,-2390.8594,1109.3557,1245.2513,-2391.4712,1087.8234,1241.6167,-2391.7231,1311.1117,1237.07,-1860.2926,1034.7784,1231.5348,-1938.745,1207.8975,1382.3328,-2233.0657,1113.7395,1369.3593,-2259.8472,1401.482,1459.9921,-1419.6283,868.9908,1435.6532,-1607.364,1336.4318,1848.0673,-1486.407,915.2583,1873.8523,-1772.017,1326.0466,2148.0425,-1640.3099,934.9045,2190.003,-1885.0603,1341.9177,2246.9185,-1745.3215,933.57404,2298.887,-2015.7234,1313.4878,2254.8486,-1803.7903,954.93713,2292.9097,-2071.7297,1289.082,2222.5896,-1666.4285,966.01154,2253.2825,-1913.371,1238.9149,1621.7186,94.15065,903.7429,1599.8976,-94.70674,1513.6945,1819.0265,-800.02954,693.4678,1821.6423,-1045.5809,1330.9141,2180.7683,82.00388,682.44507,2151.9338,-95.21516,1282.898,2206.2268,155.83078,701.4684,2181.8645,-8.838296,1393.9811,2384.2517,-182.14377,664.97577,2375.0552,-386.97662
IMG_5441.JPG,1212.0887,1256.332,-2398.1255,1265.2555,1193.6722,-2328.833,1288.2386,1191.0403,-2329.3296,1309.2626,1187.2008,-2329.2705,1181.8835,1185.9849,-2324.6433,1155.2145,1181.2264,-2325.3662,1131.1824,1175.8857,-2325.7761,1375.4904,1167.5919,-1835.654,1087.9907,1160.0664,-1814.7048,1268.2317,1313.297,-2199.7517,1159.1569,1304.6327,-2197.7075,1488.4103,1412.8313,-1445.381,965.2737,1375.2074,-1484.4084,1422.4985,1832.4053,-1582.2324,968.0861,1770.2013,-1634.1549,1393.4618,2136.5964,-1699.0109,984.91473,2103.1846,-1710.7598,1398.1958,2246.0032,-1820.4233,970.74365,2207.2583,-1836.4769,1365.701,2240.332,-1872.4186,997.44476,2205.497,-1885.0555,1352.8469,2206.6328,-1722.8889,1004.49194,2172.9297,-1736.9128,1361.6857,1585.7904,57.08486,1037.2871,1568.1456,-57.68324,1629.4396,1782.7577,-865.6703,752.2873,1753.2772,-1082.9249,1508.8331,2091.0537,25.654587,765.1305,2052.608,-61.786064,1461.689,2135.8342,100.41676,806.7236,2101.5947,33.32791,1594.6245,2275.8596,-239.78273,696.6213,2270.089,-308.66727
IMG_5442.JPG,964.2957,1181.5227,-2447.047,1017.87494,1131.3903,-2403.178,1052.5181,1138.5997,-2403.8545,1078.3926,1143.8501,-2403.8008,930.0188,1110.4625,-2360.069,910.2369,1104.2129,-2361.15,895.67065,1099.2904,-2361.8152,1156.1326,1153.6572,-1997.4033,900.972,1110.1046,-1803.1208,1023.386,1256.2426,-2280.3267,926.80975,1229.5844,-2228.9739,1377.8706,1374.6683,-1609.6426,813.6685,1357.2384,-1347.523,1332.0332,1877.2588,-1608.6415,902.80524,1780.5687,-1181.5029,1324.5712,2180.7341,-1667.2661,931.55664,2084.1553,-1171.135,1300.7167,2289.0476,-1789.6605,909.3169,2193.245,-1257.8529,1274.2299,2274.9783,-1861.1616,922.08453,2196.505,-1349.9966,1274.1517,2237.4395,-1693.1782,943.3732,2163.032,-1210.4556,1285.3687,1628.7375,-34.89744,985.97253,1588.2731,34.26207,1616.5519,1827.6066,-1106.3027,666.67914,1734.507,-1039.4342,1534.1841,2150.4631,9.151506,772.54175,1997.4744,243.17407,1501.022,2175.3738,116.580666,829.3456,2024.8083,379.17294,1556.1533,2376.757,-212.73843,646.47766,2232.6233,141.50291
IMG_5443.JPG,837.7982,1098.8599,-2311.9207,886.7674,1051.8109,-2275.6787,920.5327,1058.7872,-2276.1592,950.7509,1066.0304,-2276.2153,825.86383,1041.7688,-2220.6206,811.26733,1038.3379,-2221.651,798.6679,1034.2843,-2222.3357,1034.0597,1082.3906,-1936.2913,828.2873,1041.8962,-1689.154,909.3066,1179.45,-2173.9724,823.17444,1148.9265,-2106.9082,1262.5664,1308.8453,-1611.7069,785.5704,1288.5233,-1232.5533,1255.694,1810.538,-1570.4983,866.5137,1644.0009,-1054.0631,1240.9895,2132.6423,-1576.3887,917.948,1938.9185,-1056.2064,1220.8214,2228.769,-1706.5369,906.0353,2062.3613,-1138.8297,1184.2153,2209.0034,-1783.5377,916.9516,2063.395,-1228.9808,1183.1603,2182.2314,-1603.6608,933.0705,2023.4324,-1094.4344,1276.3079,1552.2501,-90.118744,1020.0429,1537.4758,89.33457,1478.645,1760.5576,-1253.333,704.7866,1602.1887,-940.57196,1494.1462,2130.1858,-435.00812,824.8832,1907.7532,-134.21107,1499.2052,2162.591,-350.8859,879.642,1972.1185,-43.122467,1441.1726,2367.1287,-666.88916,682.6093,2081.6294,-245.3486
IMG_5445.JPG,527.0421,1008.39557,-1282.173,557.4694,960.55426,-1317.1344,574.9801,960.8509,-1317.9355,593.52997,961.9293,-1317.9264,533.1506,954.18207,-1224.3154,532.042,949.87964,-1225.7625,530.276,945.5859,-1226.3534,704.43256,974.6035,-1321.9441,623.5156,952.8268,-905.24426,564.7962,1057.2053,-1264.6599,535.5068,1041.0161,-1151.259,980.08417,1276.0387,-1342.552,684.7336,1135.2683,-433.27158,1051.3175,1677.1663,-1106.8339,797.53577,1532.2728,-206.08862,1042.5842,2032.6572,-758.85156,849.16406,1875.2864,-445.24362,1062.3429,2120.0505,-867.2939,844.0331,1978.5668,-476.6367,1019.88513,2122.7788,-913.88116,843.3845,1968.3115,-638.626,1014.604,2092.1106,-769.8209,866.6123,1929.6106,-515.35114,1436.8026,1465.9188,-291.99765,1190.2987,1466.6603,291.1236,1190.6498,1733.613,-1057.2262,873.77527,1599.0142,87.581375,1339.9463,2156.6904,-289.87335,1071.1282,2034.4673,320.89133,1392.7751,2210.9734,-212.07854,1158.1224,2086.7563,346.99753,1198.1039,2363.4133,-334.43973,933.5361,2205.477,227.74751
IMG_5448.JPG,1688.0609,1033.1392,-1870.69,1691.777,956.0944,-1770.761,1702.356,956.08344,-1771.8087,1713.0774,956.7651,-1771.7386,1639.1394,957.87634,-1876.3798,1605.0391,960.9862,-1877.3936,1563.9681,964.38116,-1878.484,1640.7203,966.2814,-1181.9943,1464.6653,984.7369,-1665.8275,1680.6881,1100.4507,-1636.3223,1628.9972,1105.6863,-1783.1982,1546.1256,1287.7963,-508.40652,1224.0529,1330.216,-1700.9144,1522.608,1691.343,-173.37033,1179.1035,1911.4724,-1833.2415,1554.0526,2049.489,-240.22214,1200.786,2338.3228,-2049.056,1575.0391,2156.0608,-225.86514,1169.1357,2443.6924,-2349.0276,1582.4385,2155.8345,-441.3754,1240.5139,2453.191,-2340.7405,1555.5927,2119.7805,-319.3928,1248.1362,2425.2053,-2066.8232,1029.772,1616.1504,440.29434,779.85675,1622.1489,-439.21854,1488.0742,1680.6074,1208.6975,1036.8497,1945.7695,-1841.9445,1356.5647,2009.1245,2075.4133,817.5734,2409.8586,-1287.1792,1285.3142,2034.0664,2146.3167,719.3417,2466.054,-1220.1968,1537.8109,2094.5269,2085.723,913.9144,2681.4316,-1483.1309
IMG_5449.JPG,1600.8738,1064.6578,-2059.5679,1604.415,986.29626,-1965.4104,1618.3113,982.98926,-1966.0836,1631.6876,979.77875,-1965.8918,1545.8829,987.9918,-2036.4658,1512.2655,986.7171,-2037.3141,1475.7853,986.08435,-2037.9868,1575.6564,986.11676,-1396.9563,1363.6438,996.9305,-1719.4453,1596.0502,1127.066,-1832.0334,1529.7712,1148.126,-1932.2836,1546.3857,1293.9668,-863.7804,1111.7488,1324.3237,-1663.8209,1508.4208,1697.24,-878.4916,1063.7059,1878.493,-1832.4482,1530.8452,2085.6755,-1085.246,1073.6252,2332.3438,-2018.0438,1545.5652,2183.1548,-1137.6824,1045.3082,2421.7402,-2287.216,1552.152,2180.5015,-1292.5006,1116.3368,2439.0957,-2296.6318,1537.0145,2151.6846,-1145.9896,1126.2706,2409.2537,-2044.4641,1079.8008,1576.8927,307.46423,770.8419,1602.2118,-306.82303,1622.4125,1566.7902,445.46625,870.1392,1907.8303,-1416.8741,1414.1245,2001.9281,913.6006,698.5721,2346.5671,-859.7755,1304.8469,2049.6116,943.9783,617.00555,2395.4832,-800.34845,1566.2671,2149.162,784.96075,758.61475,2617.3154,-1090.0615
IMG_5450.JPG,1519.1477,1057.5171,-2583.2224,1544.0779,974.0722,-2470.1045,1561.778,968.7264,-2470.8274,1574.3953,965.85297,-2470.7952,1468.1207,981.46204,-2536.7043,1440.0496,983.6068,-2537.3506,1416.321,986.1798,-2537.704,1543.9928,980.97363,-1819.7687,1313.7118,1006.93005,-2116.0242,1540.2979,1123.3173,-2328.246,1451.4685,1138.5786,-2419.6978,1593.164,1268.0316,-1262.4022,1018.64606,1305.4152,-1889.4193,1524.1559,1719.5808,-1237.7036,995.87964,1888.8362,-2087.9473,1527.4238,2120.0784,-1462.2037,970.71716,2315.148,-2232.8564,1546.1223,2236.0571,-1552.9772,933.11127,2416.7437,-2437.544,1505.9235,2254.4534,-1679.6007,996.19543,2421.705,-2512.3389,1484.4663,2208.4656,-1513.425,1020.18195,2391.6248,-2273.7834,1251.7245,1622.9916,222.11314,960.77,1656.799,-222.77965,1703.8479,1592.8652,-410.7807,747.72736,1846.5399,-1515.7355,1538.6888,2043.2289,469.74008,630.4073,2276.802,-385.4834,1442.7777,2080.726,539.01605,615.73834,2296.5286,-276.4614,1647.0508,2252.8438,219.75023,608.6778,2549.8594,-671.3517
IMG_5451.JPG,1504.0999,1099.6669,-2893.776,1535.3683,1019.1919,-2784.9854,1558.0515,1012.6101,-2785.859,1573.9647,1007.5067,-2785.9329,1451.7201,1024.6165,-2848.803,1421.787,1022.74963,-2849.6602,1396.1555,1021.991,-2850.1912,1547.6378,1014.249,-2098.772,1303.1963,1029.8591,-2382.17,1534.2217,1160.5729,-2619.2769,1428.7439,1183.5482,-2707.589,1640.8601,1315.6924,-1533.6398,1003.1548,1312.7837,-2010.4945,1564.9729,1808.529,-1469.9441,973.141,1871.1504,-2192.428,1549.3735,2210.3901,-1645.0194,931.2657,2321.4036,-2433.1658,1579.9403,2312.3142,-1759.9495,905.0844,2436.4927,-2646.3323,1562.9543,2327.8188,-1878.4237,956.04004,2441.555,-2737.8801,1539.0007,2303.7112,-1693.301,977.6076,2405.6687,-2481.9456,1304.439,1662.2107,146.54292,966.72644,1678.1241,-147.07489,1782.5132,1646.7499,-769.401,711.1422,1784.4152,-1821.164,1622.7393,2102.319,368.2055,642.6241,2206.7659,-296.68124,1551.4299,2168.3325,463.25613,660.3814,2244.8147,-143.22159,1784.8716,2317.3337,108.12961,557.08795,2506.475,-512.73004
IMG_5452.JPG,1494.912,1044.834,-1506.9163,1493.3622,1000.8026,-1440.9222,1499.6676,998.2888,-1441.4882,1506.1613,996.22815,-1441.4045,1462.5005,1009.40686,-1508.1302,1442.4698,1013.34326,-1508.8403,1423.2347,1016.2701,-1509.4434,1460.977,1013.81555,-1052.3262,1353.6703,1029.0376,-1364.4662,1493.9873,1086.9596,-1353.4049,1463.4929,1099.4412,-1447.4374,1466.9812,1244.029,-619.23444,1166.985,1270.4946,-1374.3823,1400.3038,1553.7089,-500.3588,1153.5769,1652.3204,-1509.2661,1396.9359,1834.7324,-592.8476,1167.9749,1947.6299,-1665.5801,1404.5151,1917.71,-614.302,1156.3541,2018.1053,-1857.2534,1399.5321,1928.6964,-747.8853,1206.9658,2015.4408,-1877.3721,1376.7874,1903.5051,-643.9714,1212.3396,1990.4567,-1683.7687,1208.9537,1552.5118,263.06485,1015.42883,1553.1477,-262.81516,1553.6912,1542.4636,46.17247,1074.8489,1679.2169,-1472.7411,1355.6957,1854.7625,427.14938,956.84467,2009.0106,-920.6304,1300.0402,1886.7179,446.57947,917.22235,2042.1322,-869.15155,1480.3567,1955.534,163.41641,1017.0478,2187.7703,-1226.8097
IMG_5455.JPG,681.5664,1394.282,-1995.5844,725.94434,1311.0717,-1966.0502,752.85187,1307.7029,-1966.9911,780.9117,1303.5365,-1966.9685,654.326,1303.0303,-1913.716,629.3475,1293.584,-1915.1812,609.12555,1284.9423,-1916.0647,881.8822,1303.6769,-1683.6273,624.60406,1286.8055,-1454.2852,746.8061,1446.2415,-1877.3992,657.3561,1439.8463,-1817.478,1212.893,1584.1965,-1521.9606,558.12085,1543.8011,-1127.9846,1198.724,2196.1794,-1593.1797,598.2801,2045.9923,-1112.0504,1163.564,2676.2527,-1580.157,571.0971,2458.6313,-1148.9219,1168.4502,2805.651,-1721.8167,534.50836,2585.9766,-1219.378,1100.7288,2791.4514,-1776.7037,568.2239,2598.4287,-1323.4069,1087.6674,2751.0935,-1602.662,593.72614,2558.8875,-1194.8038,1223.6741,1887.5935,-89.832596,912.13904,1920.1926,88.15057,1429.0334,2143.7578,-1242.4067,407.2436,1905.0088,-759.4904,1534.0725,2646.2686,-360.74667,561.57916,2384.8333,66.11343,1558.7618,2665.539,-271.91342,619.32416,2419.183,159.34647,1536.1504,2968.2778,-582.78815,443.8904,2597.9988,-18.69975
IMG_5456.JPG,548.43854,1232.374,-2322.012,591.0157,1159.9258,-2300.597,616.6819,1157.2406,-2301.4214,642.2731,1153.2678,-2301.4116,533.8962,1155.495,-2236.0542,516.8897,1149.0897,-2237.3655,501.94272,1143.1276,-2238.2673,746.5286,1162.102,-2000.2367,524.871,1146.6753,-1711.5542,601.9229,1288.0298,-2192.1562,530.4583,1277.4808,-2114.7803,1052.6941,1432.4226,-1790.8207,485.17227,1364.3766,-1198.8547,1005.1764,2004.3109,-1812.2631,512.05255,1813.7994,-1099.5892,967.6868,2432.9817,-1776.4272,473.471,2194.947,-1183.426,973.2808,2554.3677,-1924.9248,434.27542,2302.7876,-1254.886,910.0447,2534.4812,-1987.4226,461.68405,2315.5344,-1373.6733,898.9394,2491.2703,-1798.7888,490.57947,2278.8464,-1236.0084,1096.3749,1742.1746,-167.13704,795.46936,1717.7677,165.90012,1206.1697,1960.1226,-1486.0903,361.3799,1714.0984,-804.84717,1329.7451,2433.6208,-482.93314,513.0789,2140.1604,180.74245,1374.5498,2472.4487,-386.23135,593.4957,2170.7888,285.54858,1277.8439,2719.586,-754.87006,409.34476,2348.2568,64.37377
IMG_5457.JPG,814.222,1171.317,-1632.3457,847.7446,1104.7946,-1609.0947,868.02185,1101.7161,-1609.806,892.13763,1097.5133,-1609.7047,805.98566,1106.0758,-1551.0265,793.4916,1102.8481,-1552.1798,782.2124,1100.9066,-1552.7351,985.58923,1100.6997,-1367.3628,808.3228,1099.2734,-1106.6359,861.6167,1213.0643,-1529.7405,809.66064,1220.053,-1459.8646,1214.608,1368.7203,-1345.807,866.10126,1321.0239,-611.2806,1200.0559,1880.1887,-1440.1465,833.90283,1686.283,-409.37546,1141.4717,2267.7244,-1362.3268,798.73724,2024.8016,-378.43124,1152.0653,2367.9778,-1512.7578,764.57556,2132.5115,-395.26743,1077.3439,2353.138,-1540.4956,781.592,2127.4788,-517.65576,1070.5729,2318.7444,-1374.5881,802.7988,2095.5852,-428.92242,1437.3613,1640.9535,-210.54376,1189.4702,1601.538,209.22095,1389.276,1866.372,-1287.8304,764.4858,1584.5402,-50.120506,1511.1521,2349.0388,-974.6575,907.1543,1969.7821,351.33078,1570.3463,2393.7153,-947.2194,986.68225,2002.5638,391.52676,1405.6884,2581.4473,-1296.0027,821.78723,2130.7742,218.71463
IMG_5458.JPG,714.5984,1164.9164,-3086.4204,761.2724,1087.3855,-3037.836,800.41656,1087.7513,-3038.7795,834.791,1089.2731,-3038.8218,688.284,1082.5966,-2960.655,667.08417,1076.5497,-2962.1243,650.3555,1070.0957,-2963.0486,981.0052,1096.569,-2569.652,693.04865,1077.121,-2225.3857,811.286,1249.9951,-2894.1472,693.13446,1227.5717,-2801.3057,1304.9991,1426.075,-2213.284,675.01917,1399.8373,-1556.4412,1360.6918,2053.0447,-2202.8716,792.4356,1878.78,-1304.1255,1350.4551,2511.1729,-2141.374,822.0457,2324.4062,-1260.8777,1343.9847,2636.8894,-2303.6833,814.0963,2477.6453,-1343.459,1286.9323,2632.9927,-2387.6555,852.8417,2483.7112,-1479.6588,1281.617,2591.3064,-2168.0615,863.31866,2433.4731,-1317.0088,1308.3844,1820.2391,-164.17485,1002.629,1822.2743,163.18497,1629.5435,2120.6367,-1832.2604,496.27826,1882.3354,-1251.6539,1644.5554,2509.933,-277.86197,812.3951,2248.6143,203.86313,1624.1305,2525.0574,-117.15648,915.7011,2265.687,360.3326,1644.053,2858.273,-458.83176,730.1267,2500.3337,118.80783
IMG_5459.JPG,70.37029,1377.468,-2499.8462,124.07349,1300.06,-2462.322,154.83,1296.604,-2463.4055,182.46167,1294.8469,-2463.608,56.04784,1303.6387,-2370.9563,36.955906,1303.0894,-2372.5144,19.254623,1300.6255,-2373.3325,309.5312,1296.8257,-2106.9673,83.154625,1316.8385,-1695.6842,131.21606,1449.4077,-2351.0928,69.2483,1454.315,-2240.2798,657.7337,1653.2823,-2039.3319,178.08116,1634.175,-916.9102,826.367,2284.855,-2020.114,312.96356,2066.813,-503.58197,833.55646,2717.856,-1888.0072,363.29486,2490.6455,-497.08908,875.8658,2828.6226,-2077.262,350.59192,2633.4211,-532.2879,779.89966,2829.8003,-2134.8884,386.09875,2629.6584,-714.436,763.2239,2798.3328,-1907.701,416.72443,2575.6023,-572.68396,909.928,2038.8359,-336.60077,623.464,2029.075,335.45734,1013.3477,2426.5552,-1665.6992,28.29775,2084.5146,-535.15265,1159.679,2698.515,-28.86021,397.00177,2449.359,242.32213,1182.3595,2707.2754,141.98227,500.13068,2475.491,324.87473,1122.8623,3043.1077,-81.93508,275.2791,2681.6113,100.56279
IMG_5460.JPG,612.15204,1314.5415,-1739.1807,654.37,1264.5292,-1719.1301,676.88586,1265.1921,-1719.9136,703.8008,1266.7927,-1719.8782,621.1083,1263.0757,-1627.3906,616.4316,1261.4851,-1628.4471,611.9476,1259.2341,-1628.9669,799.9806,1286.2952,-1495.8328,656.0246,1275.5524,-1081.2235,654.42725,1367.221,-1644.352,616.92523,1366.0786,-1531.5548,998.6917,1602.7236,-1537.04,701.5219,1549.0233,-419.74258,1052.2943,2077.8062,-1555.3505,752.16473,1913.3278,-130.1158,1005.517,2431.8967,-1390.0895,736.1815,2255.28,-168.99875,1033.5046,2532.9504,-1539.8418,724.96277,2356.4297,-184.53372,964.9164,2538.4946,-1567.8307,720.02155,2352.1511,-328.2051,958.27985,2500.8965,-1395.5227,746.4951,2319.6255,-231.47754,1229.997,1957.2482,-336.3614,1014.08435,1933.4714,335.44366,1120.5942,2183.436,-1629.878,568.5195,1853.9218,-100.51646,1275.4939,2540.9302,-769.84827,828.98303,2270.3428,569.1468,1334.5874,2587.2166,-687.8997,923.5136,2323.827,629.81104,1157.042,2794.7844,-1058.672,680.2378,2402.876,370.08496
Photo 2023-03-04 11.29.28 AM.jpg,813.3339,1019.6636,-1906.2657,845.1941,961.70496,-1880.4742,868.0049,959.83124,-1881.3619,894.12177,957.18964,-1881.4739,811.06085,958.86664,-1822.553,803.37335,956.7246,-1823.8315,795.9059,955.4305,-1824.5121,993.55493,972.7951,-1579.1055,826.60034,958.7058,-1318.9667,852.838,1073.2225,-1775.7026,813.68024,1062.0757,-1707.2356,1229.7343,1221.3931,-1481.1512,834.16394,1213.0803,-688.6574,1252.0464,1692.7747,-1375.078,934.1524,1565.93,-373.53568,1222.7222,2019.7755,-1200.9731,975.21356,1873.3651,-521.3951,1235.1472,2120.522,-1343.7516,949.9,1965.3582,-558.33997,1173.7584,2109.4841,-1386.3368,964.79486,1962.2133,-711.6703,1167.6233,2082.3188,-1215.0906,990.6798,1936.2545,-585.182,1495.205,1452.8269,-249.96075,1233.6149,1445.695,248.49347,1453.9742,1696.8154,-1259.3933,767.1205,1458.3217,104.12265,1499.1716,2123.7024,-525.4571,990.277,1809.2244,510.39246,1543.9889,2169.9014,-453.14273,1067.5928,1846.836,549.0804,1356.0359,2325.6545,-756.09937,877.14264,1964.3009,320.3794
Screenshot 2023-02-19 224514.png,248.47142,277.41528,-319.0401,247.68245,268.19272,-302.4258,248.93488,267.9384,-302.5581,250.12392,267.696,-302.54526,242.16965,269.27676,-317.67084,238.66505,270.1433,-317.8187,234.5178,271.2904,-317.93832,241.38109,272.40988,-212.8096,221.19356,276.40237,-282.6416,249.36566,286.33514,-284.4478,242.99167,287.96002,-305.4495,247.48071,319.83826,-122.6081,193.0175,334.78,-284.25217,251.82854,387.45703,-95.502174,194.97743,411.83096,-309.58112,260.15793,440.9134,-121.5921,204.84409,472.471,-328.04926,265.78775,457.52292,-126.88509,202.39948,491.10434,-363.8195,264.0276,458.899,-154.30202,214.27455,488.86588,-370.916,259.47772,453.95947,-132.37085,214.88885,483.76627,-332.37726,202.09352,389.73032,54.480816,164.1861,392.3536,-54.479443,273.45776,390.70068,-9.310805,167.24342,425.22876,-310.51376,226.23354,448.5709,99.653984,143.87848,490.84396,-153.81424,214.19984,452.68652,107.25158,138.47142,496.1825,-137.8869,249.93471,469.50485,58.21519,147.75905,527.259,-194.44075
Screenshot 2023-02-19 224603.png,229.4226,338.09317,-185.05759,226.4819,330.9677,-176.09398,225.60703,330.7305,-176.25996,224.83907,330.44214,-176.22166,225.5207,331.12897,-195.62209,223.9362,331.1006,-195.78339,222.19102,330.9668,-195.89497,213.4549,332.60715,-123.03192,208.51874,333.44516,-212.803,226.39975,345.7726,-162.98401,224.63979,345.8564,-189.89319,221.74307,373.19183,-51.39953,179.65042,380.97263,-236.87401,217.09366,434.10492,-25.522959,200.40433,444.0155,-255.80505,218.13446,491.2183,-58.214794,210.50517,502.78174,-256.50754,221.17545,505.58978,-61.96457,213.7801,520.2309,-288.746,224.06259,507.52875,-88.225746,219.48494,519.3827,-293.76532,220.89615,501.5673,-69.01013,219.20029,513.2503,-259.5333,183.09062,449.90424,62.478798,148.45937,454.9732,-62.43982,248.1172,434.18198,101.82091,191.54149,454.0313,-279.08105,213.73364,485.27826,142.23222,137.58101,527.98975,-192.28967,202.17863,490.28622,141.75896,119.880226,539.446,-183.38432,225.1633,507.0673,95.0575,161.26541,563.32697,-235.94916
Screenshot 2023-02-19 224627.png,257.5228,305.9501,-250.08026,257.43338,297.08054,-239.54988,257.71695,296.98984,-239.6713,258.03342,296.86337,-239.68987,254.76778,297.46207,-258.13184,252.65057,297.38217,-258.28296,249.72594,297.2992,-258.39505,244.96928,297.92133,-175.95383,235.65129,298.9498,-263.40826,254.78758,312.65375,-224.4045,251.64127,312.50372,-250.38947,247.19382,338.47348,-95.767265,199.51677,346.50714,-278.9837,238.62726,396.1625,-75.14797,199.42545,414.80447,-304.0627,240.70035,448.66144,-108.70803,202.80563,469.60144,-320.38013,239.95804,464.52267,-111.31527,198.99745,484.7539,-354.9322,239.48828,465.41504,-140.31464,207.4762,484.46628,-358.78467,237.9113,461.64075,-120.41265,209.26837,480.39777,-323.08508,201.60234,405.419,64.16022,166.83409,405.09116,-64.06389,267.19073,395.15002,72.389145,172.72476,425.94534,-337.10913,240.76195,459.21173,135.89186,151.64561,502.77246,-325.53677,229.05771,468.59097,137.78429,143.24493,512.9106,-326.3818,265.8207,475.6701,82.3829,174.53845,527.1095,-416.49683
Screenshot 2023-02-19 224800.png,198.94843,308.5576,-483.66046,205.73161,299.95435,-464.87112,209.9135,299.94092,-465.05948,213.35088,300.34348,-465.0593,193.54378,300.23132,-466.4122,189.62589,300.37997,-466.62183,185.5341,300.78534,-466.7394,219.79443,304.995,-354.10532,179.81042,306.8142,-361.36414,206.42667,319.51324,-440.92154,192.03697,319.9565,-444.17975,252.83112,365.59155,-273.0997,149.97429,370.43958,-289.2883,258.85684,447.87033,-285.91235,147.5048,456.3041,-329.78946,262.24353,521.0029,-369.08997,148.26189,529.62103,-404.43344,265.08612,544.62213,-400.13815,145.82982,552.23804,-440.0531,261.9993,544.3965,-424.10315,148.11172,550.6683,-460.13492,259.4761,539.06696,-379.73657,149.98714,543.3128,-414.5064,235.9225,461.82706,7.9529605,179.871,462.2591,-8.21794,310.31702,466.01566,-290.47168,105.31887,459.3046,-324.37494,287.57635,533.2573,4.8930573,128.28107,535.6401,-33.868557,275.17587,544.9663,29.487837,142.28207,547.00195,-8.248809,314.75085,563.74585,-72.16821,93.69683,567.81055,-106.10536
Screenshot 2023-02-19 224815.png,196.19165,312.3965,-405.95547,203.30606,303.54388,-389.27295,207.56654,303.5035,-389.45786,210.88324,303.89804,-389.45947,190.54904,303.7625,-390.24155,186.6122,303.95117,-390.4392,182.65892,304.38528,-390.5591,217.13846,308.50128,-295.12744,177.12312,310.20685,-300.15845,203.87553,322.89017,-369.89612,189.2379,323.99423,-372.611,250.27385,369.5395,-237.4111,147.51978,373.37665,-240.92215,255.71994,452.42703,-232.78114,144.24153,458.27765,-266.00458,254.76727,523.6418,-279.36813,146.48079,531.1224,-317.02063,259.6979,546.9478,-303.2028,141.90549,551.6072,-344.01065,253.20392,546.60065,-324.69275,143.57593,551.12646,-364.61288,248.87787,539.6987,-288.00464,146.36348,544.88983,-326.87762,232.704,465.03134,4.9405675,175.96138,465.37582,-5.203882,304.83047,468.59286,-257.30374,104.094604,462.56635,-280.99927,282.65903,535.07697,2.7697062,124.194664,537.59125,-33.34979,273.27646,545.9298,25.399893,139.06468,549.802,-10.382676,309.1173,568.17096,-57.24402,88.09918,572.65906,-89.55832
Screenshot 2023-02-19 224940.png,193.98781,347.03116,-536.1601,200.63469,336.36484,-519.60944,205.02934,335.64395,-519.7754,208.33286,334.87674,-519.76654,187.7664,336.54944,-520.07935,183.97334,336.054,-520.2969,180.07382,335.67853,-520.4165,214.39284,335.70065,-401.3139,173.19043,338.04053,-403.41653,202.29558,355.56198,-488.76624,187.25859,357.77145,-490.3499,245.8495,388.9435,-301.45743,144.52795,390.80887,-310.04584,249.95236,473.4262,-311.7391,148.04564,470.37387,-341.87366,239.45041,543.41486,-388.10245,149.40993,543.62964,-416.45032,238.71558,562.368,-421.91568,145.8144,563.4938,-453.87308,234.21616,562.7991,-442.51324,153.72836,562.9378,-471.83273,232.82602,555.2175,-397.22305,155.78496,555.68524,-425.28394,224.4366,472.54715,1.8825501,171.84166,470.64468,-2.124554,300.32007,480.96622,-319.92993,93.263245,477.31598,-322.592,289.6663,558.6333,-48.55837,110.81762,554.74646,-49.69542,280.65933,568.1857,-26.523499,121.03207,566.61926,-26.105186,307.03638,596.85376,-138.75673,87.68261,590.43585,-132.99274
Screenshot 2023-02-19 224959.png,201.4418,376.93002,-590.81525,208.80782,365.98245,-577.5149,213.0727,365.09488,-577.6695,216.6158,364.27887,-577.6787,196.13824,366.18918,-578.217,191.74171,365.63556,-578.41705,188.49234,365.00186,-578.52875,224.1226,361.86014,-460.42508,180.67346,363.09558,-462.935,209.85527,387.68872,-542.16144,194.61375,387.25055,-543.76715,252.979,408.0394,-346.82944,153.1112,406.21072,-348.42828,245.18408,484.88995,-345.6313,157.16805,485.7637,-367.79544,237.15503,551.53253,-408.49072,159.45473,551.6325,-437.2163,237.55656,571.1158,-443.40527,157.04498,570.41785,-474.63318,231.79445,571.314,-465.33026,165.31522,569.6484,-493.16415,229.90605,563.47314,-418.122,167.73792,563.287,-446.23364,229.16905,474.78214,0.17387384,177.14058,473.14606,-0.29289258,299.95035,484.19955,-335.11975,104.80468,473.21323,-321.08035,291.75223,557.02264,-84.995926,116.43085,553.85266,-80.39347,281.85855,568.0325,-64.13733,125.94973,566.4928,-59.79345,304.07852,595.04175,-170.64368,89.06748,589.9432,-165.99373
Screenshot 2023-02-19 225030.png,246.22594,347.4611,-113.807205,242.46939,338.44998,-104.44471,241.48175,338.13425,-104.60759,240.22559,337.9112,-104.61495,242.13959,339.0348,-129.78328,240.84991,339.26193,-129.95532,239.02513,339.59097,-130.07596,225.98497,343.97076,-54.759922,225.39255,345.00882,-170.68834,243.18849,357.36905,-92.70642,242.3028,357.72205,-127.359886,200.75156,393.07343,32.459545,207.74951,399.2788,-226.3512,210.07715,466.3046,81.38298,214.7295,482.8016,-249.09724,231.50922,519.4481,90.99202,226.4374,554.8924,-237.76764,234.91928,529.599,101.33635,227.49019,573.9076,-274.5938,239.12474,531.6962,68.94306,239.3358,572.1004,-268.84525,236.40794,529.822,78.7957,238.37544,566.68207,-237.31673,144.67007,479.3642,89.63914,135.82803,489.36502,-89.60379,213.89333,484.2863,217.68289,208.3045,506.9089,-243.33984,172.6567,545.43036,285.3707,167.45842,594.6205,-173.71826,159.87233,550.93005,289.9149,149.74808,610.47107,-163.71863,185.30026,578.1475,284.85797,202.51169,633.11383,-179.38347
Screenshot 2023-02-19 225052.png,299.00198,347.04858,-37.332485,298.8904,336.28226,-25.254353,297.86285,336.01764,-25.422255,296.73914,335.7728,-25.401833,298.06113,335.73193,-48.666954,296.13257,335.0855,-48.85167,293.99792,334.48526,-48.939026,280.28857,333.93658,31.142473,279.72174,333.9461,-73.652405,291.9628,354.50806,-13.982487,290.30374,354.0171,-45.70061,241.11629,384.12405,102.78646,241.09082,380.84705,-122.8658,229.72964,466.19415,114.5367,243.6141,467.63327,-148.10172,229.82407,533.709,73.24962,240.58975,543.4114,-141.40265,225.22163,548.31464,74.08703,240.33302,562.6679,-174.23677,231.16794,552.25226,41.703217,243.65862,566.9797,-166.38571,230.70087,546.4948,59.381306,241.96309,557.4395,-139.74904,170.151,479.24338,70.46375,153.92717,472.276,-70.52021,240.31024,501.18326,81.62748,245.50587,470.0155,-162.25305,209.1527,584.90796,32.708134,192.18704,571.30286,-82.83605,190.8428,611.22797,23.984846,182.15552,565.22833,-72.65819,247.69864,607.552,-17.560513,212.41913,599.1534,-79.90998
