IMG_4918.JPG,492.45578,1119.0526,963.9369,491.69705,1110.614,916.438,487.8921,1115.2908,916.3206,483.4244,1120.3287,916.1876,507.14407,1102.2368,1008.13855,514.5859,1101.1118,1008.14667,521.67487,1099.8351,1008.3498,503.4797,1145.5232,621.8379,555.3588,1113.5326,1047.9006,497.2274,1143.6188,853.9676,517.79126,1137.9575,975.26886,479.96268,1263.4386,292.66125,707.89514,1182.3386,1050.3403,323.289,1224.366,69.40733,559.8482,1116.1036,1356.5857,176.94933,1119.6129,219.7576,457.8567,1053.736,1565.9874,116.687965,1100.6792,226.784,435.75583,1025.024,1645.9364,134.92363,1083.1967,251.5982,430.16617,1031.0819,1629.4999,157.69699,1087.4021,244.26204,434.7841,1046.438,1564.6726,860.98883,1576.62,-168.91966,951.0606,1466.1191,166.71045,1146.2162,1630.7654,-141.51804,1275.642,1515.716,18.727608,1390.0245,1680.18,-1220.8402,1664.1531,1451.4558,-1456.3951,1374.5172,1684.0859,-1331.2129,1687.2123,1433.79,-1603.3846,1535.134,1769.9841,-1537.5187,1852.8768,1483.6102,-1755.5844
IMG_4919.JPG,507.44138,1171.2491,862.05585,508.05234,1155.3226,790.6236,505.78796,1157.9609,790.6191,502.22937,1160.7427,790.4287,519.2183,1148.0541,892.8422,525.2231,1145.9164,892.66235,530.321,1143.8241,892.7114,528.7168,1174.7253,459.94617,569.9845,1147.6846,930.2503,521.73193,1191.5105,746.5069,535.7,1186.8704,880.371,526.5561,1289.077,83.008675,721.6603,1215.3212,1049.763,328.4061,1278.8849,-168.99947,566.568,1175.4314,1715.1971,145.02756,1182.2543,-29.712667,443.99084,1082.1245,2430.9695,86.76961,1157.3179,-24.305084,411.62674,1056.4102,2564.5276,98.490425,1131.7607,-17.668316,404.61145,1054.8737,2563.084,123.44634,1140.7542,-12.950493,404.07098,1070.097,2444.41,920.4819,1588.4279,-264.84152,1015.4807,1488.0059,263.35004,1280.2517,1696.6656,-319.25217,1421.2903,1558.5393,70.11977,1593.4728,1783.5844,-997.3692,1873.9064,1502.7023,-636.56757,1660.6384,1796.6346,-1059.1595,1887.9678,1503.7828,-707.83105,1791.7692,1904.3082,-1258.0463,1996.0286,1587.6519,-816.78015
IMG_4920.JPG,617.93787,1456.4805,-30.99418,620.9439,1446.145,-90.489044,624.5478,1449.7196,-90.54958,627.87427,1453.7642,-90.55083,617.61365,1434.7848,3.9218378,619.0264,1430.418,3.7274332,620.35724,1426.4846,3.8207939,664.7587,1453.886,-301.215,656.2288,1415.1663,131.51001,640.44305,1471.9666,-95.25958,637.2362,1456.811,28.42353,758.6363,1521.3802,-530.70123,757.4464,1399.6775,302.10165,542.15393,1582.7871,-759.64374,564.27203,1435.8763,457.36954,282.2026,1626.4219,-860.8931,352.4383,1450.5873,286.2101,216.20857,1642.9471,-975.2662,298.90002,1435.5728,265.94696,220.80121,1612.6337,-929.46716,290.14008,1447.0945,198.78629,247.79315,1606.778,-848.37274,309.18347,1459.6332,252.52948,1272.6661,1608.0574,-292.26813,1246.957,1509.913,290.88556,1566.2589,1556.64,-76.64556,1520.1195,1432.0339,549.3291,1880.2208,1421.011,-15.421581,1820.5266,1325.5138,679.03094,1904.5508,1361.195,-8.125844,1859.5157,1296.3911,688.65436,1977.0356,1441.8724,-128.86093,1902.3711,1349.0238,668.7971
IMG_4922.JPG,488.86063,1667.6785,-1828.0739,488.05527,1638.2476,-1909.3894,498.79007,1636.5276,-1909.0405,509.97443,1635.1611,-1909.3098,469.53378,1634.4655,-1825.0498,467.01138,1630.551,-1825.447,465.08908,1626.9105,-1825.2201,551.96515,1603.174,-1988.9952,488.7674,1588.3926,-1580.5996,530.1956,1669.9519,-1822.6649,507.50983,1668.3978,-1707.6675,704.7901,1626.897,-1979.9207,495.80978,1543.2489,-1192.1666,563.0108,1818.7393,-2522.455,300.06308,1663.2388,-1088.0668,390.3964,1938.9015,-3185.0684,37.975693,1808.224,-1325.1077,335.23587,1980.2377,-3516.581,-3.1626248,1816.708,-1473.4734,321.52316,1946.8002,-3502.6763,7.8811884,1832.5138,-1585.3021,336.1093,1929.4893,-3220.0693,24.941519,1830.2826,-1386.5948,1082.0898,1481.0775,-356.65726,947.71063,1419.4111,354.913,1293.1123,1319.7148,348.4548,1051.54,1284.23,1610.7644,1503.0879,1073.459,1212.0579,1155.1971,1102.4259,2956.659,1512.3926,1007.878,1290.8807,1182.0453,1064.7728,3094.6074,1620.5951,1093.1569,936.8786,1225.5443,1116.507,3018.259
IMG_4923.JPG,1491.1404,1521.1672,-1329.7428,1499.0092,1490.8582,-1309.6185,1502.0953,1487.2874,-1309.5587,1504.6047,1483.4803,-1309.8278,1476.2472,1492.7216,-1378.4335,1463.5365,1490.5751,-1378.4991,1449.632,1487.8921,-1378.4078,1459.1879,1453.8286,-1084.7308,1391.9724,1463.703,-1414.7021,1474.175,1528.2089,-1232.8036,1444.7208,1531.2767,-1327.5658,1422.6659,1438.3008,-834.3863,1194.4722,1499.8765,-1381.3871,1652.5099,1555.5653,-847.1226,1429.8954,1729.4679,-1803.064,1873.8102,1680.382,-1192.3638,1644.186,1834.2327,-2314.7507,1942.236,1696.7471,-1338.4803,1723.1526,1846.9026,-2536.8296,1933.9012,1717.0488,-1409.1089,1739.4357,1828.6674,-2527.9075,1905.0121,1714.8374,-1238.4879,1718.4111,1814.8088,-2337.6194,991.7142,1344.9813,249.67046,881.29004,1379.7952,-250.04227,859.9497,1141.4287,1085.5883,635.67975,1188.322,163.98195,766.86865,930.56256,1953.2135,415.1934,980.87415,651.0497,739.8059,865.8255,2037.8961,445.3134,914.1977,695.28296,716.3068,877.5416,1944.0602,311.0971,939.005,437.56195
IMG_4924.JPG,1094.9581,1889.1433,-1521.2119,1126.8993,1861.6891,-1591.4789,1137.5234,1854.9318,-1591.2926,1147.0674,1847.9508,-1591.8546,1087.0918,1859.585,-1626.0651,1071.2703,1851.4044,-1625.9407,1054.429,1843.0509,-1625.8682,1127.0891,1779.1643,-1627.0334,1004.72644,1786.8036,-1789.8518,1082.5492,1861.3846,-1500.4888,1036.0121,1856.5034,-1547.3591,1167.7155,1654.2389,-1474.9951,796.1429,1699.3702,-1678.5297,1423.8246,1955.558,-1564.7296,1047.9539,2121.8337,-2129.1677,1772.4958,2213.5042,-1959.0663,1245.2627,2436.0583,-2785.3252,1850.5183,2219.1372,-2180.303,1316.9532,2512.929,-3061.8735,1842.7478,2256.1787,-2233.2695,1355.1627,2469.8982,-3078.669,1810.6414,2257.6016,-1996.8906,1335.3672,2437.6726,-2828.9612,667.82086,1363.1764,186.4698,478.0927,1392.1622,-187.19322,623.14813,1091.5393,1242.0712,223.85406,1156.4215,682.2472,521.98566,769.8446,2415.1462,49.28165,978.52325,1689.2122,517.05865,719.8628,2540.5557,75.11724,933.3478,1794.8312,480.60098,777.59546,2374.2905,-29.307093,981.5931,1524.8866
IMG_4925.png,1514.9503,1544.4814,-60.674496,1517.346,1521.2029,-12.747413,1516.0745,1519.4553,-12.6133375,1514.256,1517.8611,-12.378771,1513.9379,1521.764,-97.65781,1510.8597,1520.3536,-97.54647,1507.4532,1519.221,-97.404755,1480.0143,1504.1387,166.86105,1475.1299,1512.1565,-226.93588,1496.0111,1557.1383,8.525178,1492.7452,1556.9104,-104.361465,1391.0642,1514.0664,366.3781,1409.0292,1578.327,-471.25162,1565.5013,1530.8317,440.9856,1587.1111,1622.5548,-735.2088,1757.976,1533.3447,191.48512,1786.0054,1619.9452,-829.2603,1795.6029,1518.7704,152.43161,1830.2369,1622.5403,-917.1949,1800.8079,1521.2474,92.6569,1829.0298,1599.2981,-882.52594,1787.5239,1529.7535,150.7886,1812.4236,1596.5804,-817.19214,1014.4325,1602.4679,304.12244,1007.20386,1658.0771,-304.3336,713.3692,1534.0023,318.56552,690.3314,1606.6543,-364.5104,448.74918,1434.7911,467.82922,391.2879,1503.14,-271.67178,434.7642,1389.9277,471.01138,369.7299,1450.2115,-260.5452,295.5843,1462.0322,335.8314,245.1563,1498.0942,-450.34674
IMG_4926.JPG,1386.4875,1281.4836,1600.2164,1383.137,1272.0708,1596.955,1376.131,1273.7604,1597.1699,1367.1249,1274.556,1597.2953,1400.7925,1271.8018,1598.2535,1406.4324,1273.7765,1598.3292,1412.6245,1276.1993,1598.0121,1356.0161,1298.0496,1466.7976,1417.1105,1301.4343,1475.2153,1369.1388,1305.521,1543.0598,1392.4808,1307.6357,1544.1357,1240.9736,1416.0612,1165.401,1460.106,1422.0736,1096.8986,1338.1162,1432.4695,818.6687,1557.3235,1350.2883,865.6315,1482.3344,1276.3773,683.6282,1696.634,1238.149,977.3748,1508.5656,1228.8342,652.5937,1735.3152,1195.4037,950.20154,1550.6934,1253.0615,674.73645,1717.7651,1187.8511,973.3661,1520.3041,1266.8564,687.1993,1699.1366,1207.681,984.0255,1168.3204,1810.2883,-61.04367,1198.3611,1810.3505,60.153362,976.4149,2063.3562,-799.746,944.6293,1992.0615,-829.5191,810.93384,2259.286,-2218.5193,698.63464,2069.0972,-2208.6367,778.7636,2335.1719,-2387.5469,651.1178,2142.9404,-2368.808,758.65906,2214.6997,-2590.153,659.2192,1988.5371,-2542.682
IMG_4929.JPG,515.7459,1140.3145,1602.767,502.88272,1118.4856,1569.7959,496.9946,1121.2347,1569.5979,491.40997,1124.2596,1569.471,525.56824,1112.4843,1642.5164,535.09625,1111.0574,1642.4066,545.4028,1109.5938,1642.5293,505.60013,1141.633,1247.4025,570.5646,1118.2504,1580.1664,519.4024,1165.3636,1471.8171,545.2057,1159.7817,1566.5903,464.2222,1248.6058,792.88367,703.4498,1222.7928,1424.2429,264.6482,1172.3029,601.40967,703.13513,1254.8145,1804.4486,98.99506,1063.9491,931.23706,546.32,1180.393,2357.742,32.53457,1048.2327,984.6096,498.1857,1110.7029,2495.4153,52.88038,1033.5996,1016.6824,502.87943,1114.9509,2491.1587,77.67703,1042.1277,961.09564,490.15436,1196.7979,2369.4612,795.591,1559.3727,-91.95983,925.1207,1490.0096,90.061714,1110.715,1704.2584,-32.37681,1242.7617,1629.447,-84.99496,1456.9042,1824.0062,-1488.3938,1618.7738,1689.4465,-1784.1996,1482.1484,1800.2283,-1645.2462,1670.4608,1729.9244,-1960.9738,1624.207,1921.5663,-1821.3678,1818.2622,1789.6371,-2101.7627
IMG_4930.png,660.4977,1754.5175,251.91078,655.29047,1732.244,226.53664,657.7764,1731.0354,226.52495,660.6728,1729.9131,226.47192,654.91174,1731.0684,298.78284,657.00903,1728.9023,298.7614,659.6113,1726.5668,298.9237,689.7065,1723.4679,126.101685,691.38794,1717.4337,456.7464,680.5853,1761.975,218.622,681.1042,1760.7383,312.84766,736.38965,1762.1414,-131.89836,792.97656,1713.2349,605.28485,552.03284,1737.645,-379.16513,637.8775,1670.3148,763.9102,358.50952,1679.6782,-472.58038,496.6202,1590.2684,673.4,294.555,1673.774,-538.0419,472.57727,1563.9545,653.9036,307.4804,1653.4989,-499.58667,466.96448,1569.718,624.92444,329.91278,1652.122,-459.77188,469.3821,1580.8877,651.3753,1122.9893,1910.9519,-277.2412,1149.2946,1861.2787,276.29,1458.6384,1905.1876,-400.89996,1460.2773,1848.2273,185.19415,1803.5183,1816.715,-550.8138,1775.6693,1757.0034,189.15523,1850.2828,1753.9309,-566.55237,1817.5935,1713.9204,179.82088,1949.555,1919.6272,-781.38245,1895.5911,1845.3309,78.10264
IMG_4931.JPG,648.47107,1811.3921,-1750.5529,652.49445,1782.9109,-1828.1345,666.0884,1779.6302,-1827.793,681.0424,1776.7826,-1828.1484,623.6311,1781.856,-1792.8271,616.4529,1777.6698,-1793.2179,610.4745,1772.8738,-1792.9718,723.8343,1735.4211,-1888.5059,635.84106,1720.5713,-1715.0173,700.39325,1805.6348,-1737.2854,666.1036,1808.2001,-1689.6643,931.13873,1701.7986,-1813.0371,623.5559,1595.066,-1534.4005,836.19366,1910.8235,-2377.965,339.27252,1768.0972,-1729.2546,670.05084,2089.3823,-3148.5972,76.555984,1917.4928,-2101.267,643.245,2182.7417,-3468.3684,-20.499115,1925.6836,-2321.162,598.6556,2156.4246,-3480.457,-6.697476,1952.8076,-2368.5195,598.96124,2121.4868,-3195.655,42.816284,1960.096,-2142.7214,1230.0703,1439.605,-218.51549,1035.7092,1423.8436,216.14456,1384.0939,1205.1439,716.9746,1147.6827,1188.7238,1212.6426,1530.4482,1001.75354,1741.81,1243.5875,981.2383,2382.3352,1517.7592,935.24695,1835.987,1286.5221,941.8118,2507.2922,1599.0554,993.45514,1596.5142,1342.0778,1029.6075,2449.2842
IMG_4933.JPG,1387.0975,1553.062,-1343.503,1411.0535,1528.0889,-1365.2557,1418.158,1524.0764,-1365.1511,1424.4738,1519.589,-1365.4081,1382.8386,1530.7051,-1414.3824,1370.8221,1528.5719,-1414.5891,1358.4199,1526.6481,-1414.7511,1388.9293,1481.6729,-1260.6332,1320.5048,1499.9531,-1498.0673,1366.8412,1553.8811,-1281.1189,1333.4443,1554.8462,-1349.5907,1355.8619,1435.8574,-1099.3707,1139.4995,1499.9766,-1353.0762,1566.9125,1492.9071,-1126.1685,1232.879,1619.1171,-1786.3916,1816.6409,1590.8037,-1432.2726,1429.4615,1704.352,-2425.0806,1882.0593,1600.297,-1606.2501,1477.1893,1743.6234,-2641.2913,1867.939,1632.9165,-1651.0166,1507.2828,1729.1862,-2655.0264,1841.5927,1632.5848,-1464.512,1489.21,1708.5602,-2458.8425,954.4942,1305.6112,195.57034,830.35,1357.1287,-196.24747,832.2561,1155.8463,1028.4515,667.6957,1234.6632,508.9664,704.5568,1002.397,1982.8839,491.27542,1044.8065,1263.5155,673.0091,960.9793,2081.1301,499.92096,988.5272,1342.2505,643.5347,1023.3611,2007.1062,441.0851,1043.3739,1176.6556
IMG_4934.JPG,1451.2003,1913.933,-987.6094,1477.6143,1896.1552,-1051.74,1484.3002,1885.6647,-1051.4808,1491.669,1875.2096,-1051.7426,1451.5201,1917.1722,-1086.9927,1440.5972,1921.8646,-1087.1045,1429.5225,1927.1344,-1087.0532,1472.0128,1819.5001,-1107.1504,1385.3936,1907.6893,-1279.8152,1423.1638,1883.6224,-977.0808,1397.2084,1908.1919,-1027.1395,1424.3208,1653.8531,-906.9949,1191.179,1897.7268,-1286.8695,1675.3313,1800.8973,-946.904,1403.9645,2100.463,-1792.1934,1972.5715,1926.9403,-1284.9547,1654.2633,2303.8145,-2489.3945,2061.1682,1928.464,-1441.4904,1717.3384,2347.338,-2730.5554,2044.1166,2053.0476,-1512.4728,1751.5067,2312.8386,-2712.6553,2002.0482,2061.115,-1325.6101,1734.5205,2296.6511,-2509.0303,900.02954,1444.9987,226.55249,742.4652,1574.003,-227.92252,708.9106,1195.8955,1102.3354,427.16873,1311.5917,335.73495,528.76733,994.6197,2056.5015,203.47168,1065.1755,930.29535,490.90482,952.0582,2152.251,174.6402,1001.9784,984.95856,495.49274,1040.1722,2035.1724,155.21893,1096.3767,731.5099
IMG_4935.png,1634.2589,1634.4117,-430.41574,1644.1344,1610.0208,-398.97888,1643.8457,1607.7146,-398.84552,1643.0837,1605.4078,-398.51773,1636.334,1610.3157,-477.4523,1630.9528,1607.9061,-477.4166,1625.4733,1605.638,-477.3343,1606.3656,1579.739,-234.6454,1590.8286,1589.1771,-604.885,1608.083,1642.3853,-362.0742,1600.2504,1641.6049,-468.17618,1511.2465,1553.3127,-10.882735,1485.2708,1641.89,-749.01373,1706.3694,1569.4023,72.69403,1678.3939,1690.9773,-1002.5877,1928.8752,1558.9504,-130.56583,1898.0236,1673.1448,-1108.2938,1977.3026,1539.8535,-183.00148,1954.858,1675.469,-1187.7665,1985.5527,1552.2278,-237.34442,1954.3337,1652.4495,-1160.1824,1962.5001,1563.5325,-167.44608,1934.4333,1644.5592,-1097.8821,1082.6316,1596.9371,292.34406,1046.4386,1667.4347,-293.32745,802.1781,1512.8912,420.28,743.69257,1625.1399,-329.73154,529.03314,1413.3555,669.1627,433.36627,1471.4525,-240.3247,512.6815,1361.2877,681.9143,412.2425,1425.4255,-234.26924,390.51767,1441.5099,582.2496,284.44238,1506.9167,-431.9383
IMG_4936.JPG,1480.6233,1072.1133,1891.6259,1481.2307,1048.8743,1878.4928,1475.9866,1045.0726,1878.8994,1470.355,1040.6497,1878.842,1494.0751,1058.7415,1851.989,1497.5056,1061.5419,1852.0557,1501.2921,1064.0978,1851.5361,1456.0881,1050.2334,1663.9674,1495.9718,1080.6229,1545.4894,1458.8333,1090.6914,1808.3594,1473.735,1098.5985,1772.0398,1307.0936,1136.2902,1499.7881,1510.0463,1217.9935,1086.7004,1479.8998,1069.2062,1829.2638,1662.7611,1116.0067,1387.1375,1650.4762,947.5755,2271.9055,1780.0692,1014.4716,2201.651,1760.1887,971.942,2320.5676,1824.5099,985.838,2271.4468,1756.3127,969.6763,2326.4019,1802.2146,974.0969,2279.796,1678.9799,975.50726,2276.953,1780.7665,989.5013,2221.956,1169.1965,1511.3467,133.88507,1273.4664,1539.3217,-135.15938,878.5665,1808.0505,-694.0615,1152.3567,1865.5117,-858.0827,541.02295,1985.5121,-1469.1534,949.76587,2136.2812,-1593.6135,509.54013,2040.4662,-1560.3838,906.1654,2159.8862,-1670.5276,376.45285,2141.5278,-1837.7905,900.0563,2265.0398,-1916.185
IMG_4937.png,1281.658,1385.3008,931.6277,1286.3354,1358.9296,948.0274,1282.0742,1355.5981,948.1512,1277.0759,1352.2657,948.3468,1294.9553,1364.3872,890.79517,1297.0226,1364.8728,890.6087,1298.867,1365.5194,890.40607,1253.6733,1349.3851,936.4485,1285.9445,1370.613,674.22675,1260.1162,1393.2139,925.8552,1269.467,1399.4993,847.7635,1137.5585,1378.6958,971.02313,1284.4614,1427.1222,390.49652,1149.0741,1403.4674,1350.9208,1464.0559,1396.6323,455.56882,1184.9369,1383.4631,1764.2423,1632.2894,1310.9366,916.94556,1184.494,1359.7734,1863.612,1692.7837,1302.1398,950.03864,1197.3094,1361.6476,1833.9183,1678.4406,1296.2516,986.6923,1195.5704,1372.7817,1763.856,1654.4435,1299.466,942.5024,890.27374,1557.772,192.979,974.32623,1604.9238,-195.03339,615.93146,1644.2651,119.7968,713.1399,1717.7246,-542.65173,311.2964,1653.2858,-366.42368,408.44516,1737.8112,-1122.4586,271.49945,1625.8645,-418.95694,375.32605,1693.4838,-1167.4072,196.69276,1748.7463,-477.3936,249.96992,1844.9048,-1234.6561
IMG_4938.JPG,536.53674,1123.9271,1439.6486,533.7341,1108.533,1437.0745,531.34247,1111.9198,1437.105,528.5726,1115.4651,1437.0258,547.9504,1098.9296,1513.6151,555.8828,1095.9386,1513.626,563.6915,1093.0375,1513.7783,550.73566,1122.4531,1285.693,594.948,1096.039,1635.2407,547.01953,1142.5466,1369.9691,568.20197,1131.8055,1469.1523,557.42053,1183.0409,868.1413,721.31696,1166.5728,1627.5028,388.5037,1175.0928,763.09595,516.04944,1175.6233,2059.602,241.57117,1119.7219,1250.5891,307.3234,1167.806,2584.1423,187.9779,1102.426,1294.4585,247.45964,1159.8339,2660.7566,196.49144,1095.7375,1290.1804,242.7655,1150.814,2671.923,216.42566,1105.6178,1264.4255,260.75137,1157.4298,2591.3215,874.2479,1395.9847,-200.72969,975.52203,1336.2168,200.70248,1118.1244,1492.554,-636.1687,1290.2277,1405.36,-336.98132,1432.5953,1533.4562,-1440.5497,1669.7181,1385.1896,-1324.9528,1470.5542,1512.4944,-1534.8472,1715.4773,1361.1765,-1442.7782,1523.1396,1658.3461,-1737.5286,1756.4833,1489.263,-1620.0271
IMG_4939.JPG,430.94232,1304.3271,1759.3113,425.04526,1268.8533,1740.0634,423.1028,1268.2902,1740.1533,421.49094,1267.7106,1740.2389,436.8699,1264.4487,1825.6836,443.2466,1261.2045,1825.5017,450.4298,1257.8372,1825.4648,440.90588,1264.0475,1495.7605,485.54623,1247.9419,1885.6382,439.55283,1320.2843,1654.1228,455.4011,1315.5616,1765.2823,452.53918,1329.9462,935.88837,638.0365,1305.3705,1805.9792,243.56595,1290.2255,623.62573,713.6783,1394.4501,2351.4922,36.835823,1203.667,928.8247,579.0084,1471.6714,3090.669,-39.331177,1194.0935,936.02545,546.5888,1466.1029,3241.9146,-28.254084,1184.6371,983.1376,535.064,1478.0563,3220.0286,-2.8471649,1187.959,956.22974,540.1367,1484.2322,3097.4275,760.1057,1571.871,-217.2031,892.31354,1527.5375,216.17532,1071.3466,1748.2732,-606.6818,1275.1571,1636.0354,-159.10338,1473.7548,1837.746,-1629.1758,1722.4535,1686.9385,-1394.8323,1527.759,1797.2511,-1738.5916,1765.8147,1695.931,-1537.9839,1618.6864,2003.5336,-1895.6195,1877.1886,1848.576,-1731.428
IMG_4941.JPG,549.1844,1081.9152,2142.2935,534.5836,1078.9235,2160.143,529.5202,1084.705,2160.5908,522.3001,1090.7808,2160.801,547.79254,1067.0547,2166.659,551.68414,1065.6099,2166.3687,554.6638,1063.6783,2165.7722,526.5229,1109.2238,2003.5746,564.28156,1074.8601,2032.6963,555.02966,1104.0665,2063.944,570.7156,1091.0203,2071.1777,543.2646,1211.7803,1586.1249,702.03876,1115.626,1716.785,411.68265,1182.2549,1508.0642,528.56354,1073.841,2082.451,271.98438,1148.8528,1805.0712,326.40942,1146.8903,2993.6992,225.81363,1140.6814,1865.2797,296.25168,1138.3965,3120.9812,237.32822,1129.2266,1884.0045,289.5805,1167.205,3160.4163,272.60974,1135.8556,1818.2852,308.95248,1174.8268,3020.8657,851.8937,1533.15,28.559338,962.71075,1401.719,-29.997215,1103.7245,1740.2482,-545.6362,1330.7878,1610.7355,-580.39435,1280.1403,1918.2754,-1698.3435,1741.0004,1658.3446,-1970.7753,1326.6757,1973.5217,-1843.6266,1792.7517,1663.7654,-2134.676,1351.7411,2107.6028,-2091.7795,1887.6879,1721.7317,-2483.5857
IMG_4945.JPG,1397.5918,1656.0387,-707.80615,1422.5427,1639.2445,-708.31506,1424.3896,1636.7299,-708.1512,1425.7855,1634.3627,-708.3713,1413.3119,1638.4551,-796.20624,1409.1239,1635.0623,-796.0881,1404.1865,1631.8423,-795.9722,1407.3153,1591.6478,-607.93774,1375.5056,1599.0645,-1020.06854,1370.3475,1646.9187,-649.81024,1359.4354,1644.2234,-768.0709,1348.8688,1493.2534,-381.03143,1261.6648,1571.2277,-1225.5536,1623.253,1584.0558,-379.77618,1486.3412,1749.7893,-1774.4108,1917.4283,1685.0643,-780.1473,1733.9657,1924.2178,-2175.2087,1989.5424,1686.2686,-896.52924,1815.5134,1969.984,-2381.464,1978.4086,1722.9838,-984.71924,1839.7815,1936.002,-2321.3743,1949.8479,1728.3916,-835.2121,1817.2383,1906.6858,-2167.8755,771.4361,1410.6659,349.70956,684.2658,1509.797,-351.30496,546.2707,1283.8877,1262.8782,368.44217,1439.7429,-149.52611,366.4029,1109.0505,2103.331,73.56112,1261.4575,191.78897,342.17926,1051.4182,2178.5586,58.182007,1210.1455,221.29099,298.6663,1105.1782,2137.4368,-84.94471,1255.788,-8.599226
IMG_4946.JPG,1390.075,1310.2131,324.15555,1399.0797,1303.004,310.28873,1398.6393,1302.619,310.26358,1399.5133,1301.2649,310.27713,1396.8322,1308.9357,297.82275,1391.6599,1313.1477,297.8447,1389.3928,1315.514,297.5138,1377.2812,1308.4651,245.98795,1365.4135,1318.1953,189.14537,1370.5902,1326.803,311.66183,1364.5862,1333.9019,295.69662,1298.6381,1335.3833,280.41483,1298.2153,1337.9794,-20.959482,1473.4985,1345.9799,197.61725,1480.6244,1344.7692,-131.07233,1700.0767,1356.9401,-64.753235,1702.2145,1310.1417,-151.25757,1768.3364,1356.4875,-59.42336,1791.7676,1354.8732,-168.68785,1766.957,1354.7228,-97.330345,1787.7333,1342.5472,-130.35223,1749.1577,1354.252,-81.499886,1769.9333,1339.9104,-136.20834,797.73193,1522.7637,179.16815,830.8245,1611.0529,-181.63745,679.5927,1619.5604,657.77893,573.6187,1661.4471,-35.73057,495.02686,1582.5768,146.48589,260.9094,1749.5162,-590.30084,440.5897,1546.4076,94.18066,218.90945,1722.942,-638.6805,353.9843,1575.7749,70.31642,154.87787,1838.1923,-740.4417
IMG_5336.JPG,1235.8003,933.09467,-98.50986,1216.3389,892.6007,-131.3089,1221.4364,888.047,-131.46635,1226.8511,883.23975,-131.62099,1213.387,897.0947,-40.634262,1215.8833,895.6703,-40.73413,1218.3729,893.6606,-40.779015,1277.4337,869.00543,-191.28043,1267.6566,874.33075,205.07573,1282.3527,941.0333,-111.99154,1280.6769,946.1535,2.3651195,1385.0696,923.3048,-540.7639,1457.2317,823.916,533.1461,1072.3079,1086.2832,-927.1174,1222.9331,1016.3642,656.03876,709.3957,1109.9447,-963.54926,954.307,1073.8063,380.47794,619.09607,1120.2499,-1088.9557,798.343,1056.67,344.486,617.68933,1080.6854,-1005.513,732.43097,1045.1262,255.89099,647.85986,1072.9872,-938.8905,790.9058,1044.2909,325.02417,2183.0342,934.56067,-373.08148,2173.4292,858.1031,371.9264,2711.5269,901.0293,-418.9172,2668.6016,851.64465,379.80447,3321.2375,680.354,-503.14514,3118.317,661.95514,515.4154,3342.9724,587.11444,-519.8754,3138.4126,579.873,512.52966,3562.1338,723.8242,-794.17084,3334.3423,716.6999,348.0904
IMG_5337.JPG,1287.7955,884.1023,72.12846,1274.3363,853.5549,22.484806,1277.6089,848.7895,22.274239,1281.5477,843.3161,22.189293,1275.6553,858.31,125.81787,1279.1494,857.89716,125.66891,1282.689,856.8285,125.65338,1322.4369,828.44214,-134.98985,1318.8813,845.63696,325.13208,1325.0554,881.6476,22.63208,1326.3077,889.91547,154.73026,1419.9313,848.2011,-470.52972,1472.5615,858.22766,534.8014,1109.267,1013.73254,-833.2137,1191.6113,994.4733,644.6421,769.0351,1035.9233,-949.42535,890.1798,1060.0372,333.48352,662.7185,1020.27637,-1069.5492,820.17755,1045.2361,297.5363,669.4809,998.7785,-998.6727,810.54034,1032.9044,213.09053,701.85223,1002.9656,-928.95215,834.7119,1040.0497,281.68228,2128.3806,943.8753,-354.1298,2129.9514,934.5154,353.49283,2570.087,920.9169,-522.365,2577.1116,882.9683,264.04193,3175.9597,678.9062,-639.3064,3055.2551,693.07965,272.7376,3212.1997,597.64655,-656.53186,3119.6252,596.77405,256.89758,3433.7578,766.15454,-949.5583,3280.194,717.46484,63.936195
IMG_5340.JPG,1929.2421,834.1453,1234.8915,1945.1525,843.5704,1261.513,1948.2192,846.1199,1261.4801,1951.3992,848.88586,1261.1862,1934.0214,834.4764,1272.2635,1931.7084,831.75037,1272.1364,1929.4569,829.101,1271.5674,1957.6519,859.62726,1252.0337,1924.9131,825.00305,1300.4104,1927.5592,839.2664,1216.3047,1916.8319,827.62354,1229.0109,1966.5278,895.5615,870.50183,1860.0028,798.2941,1101.7662,1824.7401,917.08716,462.30136,1713.7916,778.90204,946.80286,1741.1648,817.9084,19.55608,1639.6304,708.1216,846.13367,1705.0625,802.13995,-66.971016,1646.8113,658.7684,834.06775,1719.7891,774.8593,-44.700726,1679.04,663.18134,840.70715,1733.0667,778.3842,19.456213,1680.4347,695.7804,848.74774,1864.002,988.78253,-75.47602,1772.5963,932.9878,74.63534,1798.2827,991.0256,-926.6536,1663.3818,896.73956,-611.8233,1701.4724,1157.3574,-2051.3276,1552.2964,984.6692,-1617.8572,1635.3098,1223.6611,-2180.535,1508.5498,1051.009,-1733.9941,1765.4275,1107.762,-2338.8162,1599.2122,909.6455,-1847.9653
IMG_5343.JPG,2679.459,714.3282,-113.54069,2682.346,674.44135,-61.40328,2675.276,670.70447,-61.179256,2668.6274,666.0099,-60.642677,2684.7314,675.7209,-198.74031,2679.787,673.8836,-198.46072,2675.6035,671.57104,-198.2493,2594.486,639.9944,201.51357,2609.3755,653.328,-445.65894,2619.0208,730.24286,-1.9405018,2622.5208,733.2293,-189.04797,2385.22,634.76483,523.44116,2477.7908,733.5365,-775.5674,2750.7957,644.75214,763.2242,2854.9722,793.78784,-1274.6665,2971.602,596.8859,307.61893,3284.8665,679.6381,-1332.7179,3063.7966,555.8497,226.02939,3374.3535,634.34937,-1482.0365,3059.46,556.8124,123.1575,3378.197,608.15894,-1432.8928,3067.8965,574.6428,238.9271,3343.1724,622.7786,-1313.6534,1597.5853,866.4396,470.3952,1592.979,949.1752,-471.37317,1044.5315,919.7561,591.6456,978.6064,1039.1476,-549.4468,515.84375,867.8997,830.8935,375.1046,974.0991,-368.17398,462.42273,789.3115,832.00806,332.72394,881.34595,-357.6799,216.2395,973.3269,598.72534,83.75088,1048.6039,-746.3715
IMG_5951.JPG,831.0604,916.3265,-208.28993,832.63336,869.2997,-277.24625,841.7639,868.621,-277.3061,851.0911,868.41113,-277.34363,819.296,867.518,-140.56499,819.3204,865.66815,-140.54924,819.8645,863.8768,-140.26341,906.5227,870.89233,-476.50226,873.3833,864.0325,143.91461,881.5528,947.5124,-272.64392,864.92255,946.67487,-94.77585,1037.6156,982.5493,-819.88776,1047.4569,886.2668,447.34265,695.1167,924.76685,-1224.1454,766.5881,869.1339,562.5473,371.4853,877.41394,-1366.9929,501.349,834.0882,221.35541,284.00046,873.642,-1533.364,419.20538,810.66547,180.81343,288.6259,852.5365,-1447.9602,353.86926,818.6846,66.13501,313.7794,852.75995,-1343.6304,401.43134,825.4083,157.29678,1746.1168,1065.3037,-443.72705,1693.6493,979.7735,442.8231,2246.6523,997.8433,-594.7726,2160.5903,891.31903,531.8649,2741.6328,777.9611,-647.8729,2505.7034,717.35187,796.25635,2753.6729,695.4513,-657.87714,2522.951,659.78815,805.14026,3006.3035,809.099,-1007.1265,2729.529,708.06,646.3521
IMG_5952.png,1525.7256,1025.5687,-38.91179,1529.0277,1006.71844,-70.08543,1530.9141,1006.483,-70.12445,1532.74,1006.4311,-70.15344,1529.7351,1003.90173,-9.587862,1531.9083,1001.8348,-9.674995,1534.1252,999.7159,-9.669419,1557.2444,1003.7523,-168.1482,1558.812,993.50006,107.48138,1542.9711,1036.5482,-70.152954,1543.6903,1032.5898,8.3831625,1603.8705,1053.994,-346.66568,1631.1926,1024.0332,258.37524,1468.0065,1066.7722,-509.93228,1510.437,1041.5573,332.86398,1289.9475,1097.5818,-561.13904,1383.8254,1046.7599,249.48474,1259.3954,1082.3309,-638.86633,1347.0435,1029.771,234.83366,1266.1561,1065.874,-605.4754,1342.2153,1030.7054,193.85211,1275.4188,1071.9016,-554.26105,1346.9856,1039.2683,222.28618,1960.2723,1086.6874,-208.79326,1960.2784,1072.5726,208.61665,2195.9827,1024.1815,-156.42989,2185.398,1037.6389,248.90868,2375.4521,924.09143,-59.642822,2348.2712,952.6065,404.09244,2372.8306,887.5381,-49.85085,2355.7146,922.8024,413.50464,2487.9294,929.66046,-180.615,2454.3325,953.3892,323.86945
IMG_5953.JPG,794.42865,907.7565,1301.9219,785.36646,868.8182,1267.4126,788.0812,864.23816,1267.4796,790.9012,859.06,1267.1443,786.7138,868.3822,1400.6072,790.94946,863.86053,1400.641,795.6621,858.6781,1400.8887,827.7528,837.7892,1015.7643,840.8323,835.385,1614.9353,821.4691,906.98193,1198.9575,826.5228,907.58716,1369.953,903.12384,923.42474,476.3974,1049.7631,840.6958,1680.5969,582.70795,941.2965,242.90506,909.6476,906.481,2278.6143,275.69553,869.87225,498.46143,699.894,950.7706,2724.1836,171.81154,842.1567,516.0566,645.9911,932.71814,2828.8308,176.58415,818.85547,563.1201,629.0026,919.9791,2803.6545,219.68875,828.0754,533.5101,636.2084,930.4327,2720.5188,1565.2224,1060.6223,-414.5826,1599.2495,981.9748,412.3692,2188.488,1008.6078,-774.59515,2187.8433,899.32806,187.35326,2804.8767,729.0209,-1333.8854,2673.8965,627.6584,-27.925022,2834.2993,572.14526,-1375.4309,2690.9744,552.18994,-55.251408,3142.496,779.5864,-1615.6395,2990.587,674.12885,-114.95925
IMG_5954.JPG,1141.4102,645.68787,1720.1342,1123.7365,609.5169,1734.1016,1121.287,603.78156,1734.0164,1119.8439,597.9635,1733.633,1130.713,624.9033,1816.8335,1133.2118,630.2173,1816.5468,1138.0496,634.922,1816.0321,1115.1486,602.554,1573.3894,1154.7728,641.1262,1954.4476,1145.4047,656.66986,1627.8284,1153.3003,675.6371,1734.7031,1065.7163,701.02734,1012.2076,1345.6713,754.3938,1876.7451,754.2069,693.79877,980.40765,1218.2704,888.51526,2536.0325,539.7373,588.3643,1480.1595,965.48596,931.28906,3375.774,456.94757,544.2844,1538.3025,900.4351,915.80615,3500.7644,484.62665,532.8728,1554.5391,906.7489,919.876,3525.43,520.5641,550.45776,1503.5758,923.466,917.9985,3393.0674,1482.8096,972.2683,-237.5946,1642.103,973.918,236.31944,1980.107,1093.9598,-853.972,2071.502,1027.3138,-204.45906,2546.7795,921.408,-1860.6295,2579.2493,913.30383,-1088.9242,2568.0464,832.5876,-1959.5632,2644.6157,898.3482,-1186.1204,2827.2983,931.72754,-2170.3608,2788.8816,991.15576,-1309.0515
IMG_5955.JPG,1314.446,744.0393,2223.9583,1308.8345,724.8205,2267.563,1309.1586,716.7937,2267.6123,1309.0203,708.94336,2267.0042,1309.3484,740.1846,2287.633,1312.9974,732.911,2287.645,1315.0458,730.9701,2287.014,1330.3397,692.4469,2305.6785,1353.0707,722.1715,2399.821,1359.8778,759.9284,2215.8333,1353.8116,774.7964,2242.6333,1461.1176,758.2993,2160.9294,1424.1708,779.32477,1894.9685,1293.3156,582.9063,2471.407,1379.1638,748.20245,1995.4221,1148.9657,532.46136,3281.6611,1179.7728,588.59625,2379.6155,1106.8247,535.53766,3314.4312,1117.4392,513.91327,2389.6794,1118.7533,541.48773,3390.9387,1102.2292,534.02576,2296.7476,1131.3145,541.757,3311.2446,1134.2578,553.91534,2337.8542,1739.2007,1016.7262,274.1143,1695.2166,1018.8918,-274.23547,2087.4824,968.7753,-1061.5399,2169.1787,957.5772,-1346.7814,2531.6494,957.11664,-2544.0598,2656.8347,869.8492,-2750.3545,2638.3496,1001.5224,-2720.115,2749.2007,935.3163,-2902.7283,2562.491,768.5896,-3033.1143,2736.4705,615.63043,-3191.0273
IMG_5957.JPG,933.22064,1196.7225,975.7303,921.9033,1165.8916,951.6637,922.0301,1161.8373,951.59314,922.5192,1157.274,951.484,927.4091,1169.4377,1059.8923,931.4098,1168.0,1060.0278,936.16766,1165.7811,1060.0607,942.0519,1149.645,746.8294,969.8937,1152.0735,1240.835,954.42554,1204.0465,884.9241,961.9616,1209.9526,1025.6644,981.09625,1201.9103,292.0067,1134.5524,1171.2573,1308.113,709.7141,1300.0912,48.74101,966.8312,1265.5818,1752.293,422.09433,1333.7157,229.28392,758.1232,1382.9387,2118.694,329.69293,1339.1327,239.97047,695.06024,1373.776,2247.9497,337.63147,1321.446,317.1771,682.9988,1386.1467,2221.207,367.86484,1320.3519,271.85367,701.31757,1394.8223,2114.7974,1519.6974,1233.165,-273.53418,1652.6798,1224.2772,272.5445,1854.9502,1188.7994,-932.51953,1920.62,1155.1072,77.39448,2245.7659,928.8663,-1695.122,2235.7388,980.65894,-323.3182,2264.304,861.6243,-1760.3466,2263.778,916.4,-370.26727,2529.272,955.90625,-2035.0948,2498.6975,1009.3482,-481.84964
IMG_5958.JPG,790.4579,1011.80536,1055.6886,788.5666,983.31586,1080.2524,790.8128,980.689,1079.9803,793.86426,977.4037,1080.0502,791.3402,986.42975,1159.1614,794.9717,987.2326,1158.9541,799.629,987.50903,1158.4252,807.0014,987.9161,1019.2861,818.62915,1000.7215,1368.605,809.9874,1023.35535,1006.4402,813.3818,1030.1017,1106.2145,839.42114,1052.8071,583.07025,958.197,1050.5734,1346.0433,561.7287,1161.6544,140.79483,873.10376,1156.8461,1670.8389,283.9582,1197.0079,184.34262,729.5182,1264.7119,2044.6399,194.39835,1201.8273,181.36473,696.6044,1259.8768,2153.0454,208.29784,1167.6787,267.72913,696.2366,1269.9927,2140.672,241.68947,1172.7467,226.52216,707.2554,1269.63,2042.9542,1346.1206,1164.4146,-132.36855,1421.9386,1186.9467,131.52473,1627.9253,1175.5682,-1297.7288,1735.169,1122.662,-323.51572,2112.4429,1011.75635,-2396.848,2139.3357,1023.23376,-944.3496,2279.8416,973.9476,-2499.4956,2248.462,977.89526,-1015.3485,2311.7422,1043.7383,-2835.5918,2338.2178,1063.0122,-1166.3932
IMG_5964.png,2224.0735,966.7672,-97.3998,2226.7456,942.62415,-54.89143,2224.1387,941.71454,-54.77038,2221.6135,940.99304,-54.448475,2225.821,941.6653,-132.35179,2222.5042,940.2654,-132.35829,2219.2656,939.2227,-132.4108,2184.4812,935.856,124.24482,2183.2803,937.7746,-236.93846,2199.9067,980.4938,-29.008831,2197.18,979.5663,-133.11775,2087.0317,970.03156,284.91724,2084.763,993.2509,-420.90063,2266.4858,954.9697,357.77768,2261.332,958.8051,-647.5624,2417.6926,907.9026,163.66783,2418.839,895.42535,-712.978,2460.5986,899.9994,119.76216,2453.4268,886.60004,-792.50433,2463.419,896.2693,78.61522,2453.928,880.6548,-782.6018,2448.7722,897.37994,131.72913,2446.8027,883.8858,-710.40326,1687.1321,1007.7506,291.87183,1668.793,1036.0797,-292.00125,1414.585,981.9041,369.98923,1364.303,1044.8164,-352.57193,1189.4641,849.84436,544.1296,1094.0996,889.6699,-316.03152,1168.0035,809.5089,552.67004,1091.7983,842.57086,-314.76633,1049.1754,872.6895,446.5668,913.77325,887.3108,-518.0767
IMG_5965.png,2236.0027,947.8666,-336.8592,2236.784,921.8897,-303.25714,2234.1057,919.2799,-303.13773,2231.394,915.91235,-302.89798,2234.516,923.1793,-375.18518,2230.3677,922.1204,-375.1557,2225.9407,920.53784,-375.15305,2195.8792,909.09955,-130.20013,2189.7932,918.2024,-476.03952,2207.9917,959.6211,-268.45004,2204.4495,961.597,-367.7552,2085.707,918.9097,31.6158,2081.1282,979.0467,-598.9432,2277.1228,886.2317,78.34814,2243.6663,911.4251,-948.1767,2412.0974,851.5909,-81.36142,2329.6738,848.05457,-1188.8981,2468.0205,859.72906,-129.13515,2362.19,829.1837,-1292.3062,2465.544,866.10767,-173.85706,2356.874,816.52814,-1268.045,2447.0498,866.4909,-110.40332,2343.8367,823.626,-1187.2126,1693.1243,971.96686,274.8355,1649.31,1010.4055,-275.30594,1450.024,924.1066,639.3542,1335.0575,990.8448,-283.23972,1259.3744,844.6604,1027.5101,1053.9244,848.00854,-262.3536,1247.2494,803.9169,1058.8998,1051.4921,804.9956,-263.1511,1159.8069,837.5429,992.8979,936.35095,856.39606,-470.4387
IMG_5967.JPG,533.62823,1233.238,-348.4974,503.96753,1192.6549,-435.52274,507.3424,1190.1317,-435.55206,510.42627,1188.126,-435.7368,502.77634,1183.8937,-289.31134,505.49713,1174.0985,-289.32397,507.82413,1164.4548,-288.879,559.94293,1142.9435,-741.7543,560.6548,1107.5963,-60.302277,587.3674,1229.9235,-443.24295,586.36115,1221.595,-247.65167,764.40894,1170.6296,-1040.819,752.4054,999.0152,202.34814,351.3114,1176.5115,-1417.6252,429.7883,982.7096,315.85788,-75.86376,1152.6981,-1465.6945,39.787846,1003.59674,-112.366455,-164.36774,1151.2233,-1639.1753,-88.02247,995.4008,-204.25275,-165.23466,1072.5839,-1552.748,-82.629135,989.90015,-296.99365,-129.0996,1111.0814,-1442.7146,-33.758057,1002.013,-178.02324,1676.1458,1185.1384,-488.83295,1590.7542,1061.7489,487.2289,2147.081,1030.1152,-281.8478,1969.2029,895.6963,846.94037,2596.0774,629.2173,15.607374,2340.6724,605.62494,1394.543,2622.955,490.0042,33.497623,2363.3994,476.23267,1432.2682,2804.5635,742.1105,-308.17917,2443.8364,624.6701,1351.9012
IMG_5968.JPG,518.0915,1027.441,-12.293072,488.16257,988.51056,-99.60789,490.0393,986.7635,-99.59636,492.09427,985.4101,-99.581535,490.9121,980.94763,50.96691,494.20316,973.07684,50.794655,497.4408,964.8774,50.668545,548.6415,942.2368,-375.65594,558.35406,908.8728,311.7312,561.54205,1027.7471,-97.73062,565.1665,1022.334,100.381615,727.2528,975.82117,-733.37195,823.59467,779.5206,609.5206,302.67938,958.6091,-1213.4882,726.54535,801.52386,816.6667,-44.17452,842.44183,-1296.1947,575.4915,734.6126,507.13132,-144.06113,816.30054,-1414.0615,524.00525,700.52136,445.03036,-147.99808,822.0926,-1365.4287,513.8086,698.1214,355.0154,-98.623665,788.3432,-1278.2461,528.5729,719.7135,447.95996,1667.4784,1071.2438,-499.80356,1632.0945,938.82947,497.19128,2233.5574,949.1351,-399.2599,2113.5933,836.5503,598.7304,2807.7576,613.1253,-274.47827,2570.1653,586.10754,995.5477,2912.4458,490.24023,-271.17615,2613.1594,489.23334,1020.19183,2957.2664,817.3374,-608.9389,2735.075,668.29443,896.4694
IMG_5969.JPG,332.87784,964.00116,719.5072,315.80103,921.42444,672.7399,317.55826,919.88153,672.6046,317.47498,917.6754,672.37024,315.97296,912.90924,794.84784,319.1185,904.33356,794.96124,321.30545,896.5462,795.03156,357.2756,893.97797,465.91013,372.30618,872.9198,1028.4447,364.45367,978.4427,646.45013,367.03937,969.8847,805.8249,480.25613,946.781,99.29396,607.0449,845.1018,1186.4043,128.49619,1005.11755,-63.458725,486.32108,847.0323,1538.6455,-135.70992,886.4214,316.66315,227.54103,809.256,1606.1581,-216.76581,856.4462,348.82108,174.01494,791.62994,1595.067,-175.36348,842.06244,375.39148,168.62581,788.5411,1564.1298,-134.37994,857.1374,344.19626,188.41933,801.5879,1580.5425,1342.3965,1043.8055,-403.10724,1366.5277,958.1495,400.74298,1938.1615,921.1831,-723.8174,1925.4612,848.3451,-0.35606378,2497.5369,505.6785,-1201.4138,2458.8628,502.64682,-336.23688,2592.3264,378.73938,-1246.7303,2558.92,383.07663,-386.2828,2731.8557,752.6525,-1598.2108,2685.2954,720.2375,-552.9168
IMG_5970.JPG,877.6681,644.1322,889.6302,924.5728,600.1135,913.39404,929.413,595.7313,912.95825,933.5907,591.18,912.67334,912.6774,614.0614,978.24445,908.96655,619.4438,978.0642,905.7261,623.473,977.4948,943.2366,613.37396,904.3433,921.6799,651.94403,1189.5225,950.02545,665.1496,877.3083,933.8751,687.964,955.3662,989.51324,703.24963,599.3195,1045.2993,830.6564,1183.7285,638.47955,760.6856,489.8873,664.3001,783.76953,1324.3563,313.0348,661.2904,627.5185,368.62814,709.71625,1470.7231,256.59772,632.4946,652.70013,315.5482,701.6847,1512.2839,283.96008,616.5891,708.31537,313.92227,672.16113,1496.0164,303.29916,625.0352,664.5649,329.5722,674.4785,1460.168,1637.8989,932.79047,-56.438038,1699.8257,985.62036,56.01374,2056.7507,749.46765,-950.744,2205.925,749.63214,-1102.9987,2501.1565,572.54724,-1763.2051,2515.6233,467.2992,-1944.9293,2578.5503,573.3417,-1843.6667,2570.3555,443.9404,-2031.5271,2590.4448,415.56863,-2192.8022,2639.6646,285.27023,-2315.8042
IMG_5971.JPG,1641.1713,681.6847,1232.5364,1645.0006,674.5439,1355.933,1649.2544,673.67126,1355.8921,1653.3469,672.21936,1355.3102,1619.723,682.6132,1291.7281,1612.0598,691.28357,1291.4609,1597.6868,705.32184,1290.5953,1645.4894,701.5024,1660.9861,1576.0508,758.08246,1368.8412,1668.5945,699.30597,1316.3729,1638.3466,714.59753,1226.2051,1756.3594,798.84406,1629.0006,1515.725,900.0158,1086.9478,1880.2606,716.89624,2152.4973,1274.4674,853.0428,1065.0232,1753.7202,623.21545,2839.014,1101.3158,711.6576,1611.9014,1719.2965,595.2291,2960.7415,1059.0211,662.98413,1671.2919,1693.9762,601.52856,3007.3955,1082.8917,657.82794,1710.2837,1695.6067,619.4521,2870.27,1104.9194,675.90186,1633.0284,2116.7183,1076.7844,205.25778,1970.6375,1148.7191,-206.35165,2471.3945,927.40753,-296.35013,2434.4688,856.7547,-652.37225,3110.2952,712.0079,-1113.1565,3099.2424,681.8844,-1482.9766,3202.4702,761.81006,-1206.8665,3147.219,686.3154,-1553.6556,3277.2632,631.6871,-1535.2383,3252.7974,453.03833,-1866.3882
IMG_5980.png,2255.2864,975.92725,-506.63373,2279.3796,954.8129,-470.35828,2278.292,951.5666,-470.24512,2275.9934,948.5712,-469.94238,2275.465,952.7873,-583.5362,2272.9255,947.6931,-583.4618,2269.2805,943.1344,-583.41516,2242.0425,902.52344,-236.97682,2236.778,907.6689,-768.10675,2221.9446,970.0201,-405.16016,2221.4365,966.2685,-558.1583,2107.1519,827.5453,21.289633,2101.1907,857.36957,-958.7509,2362.5361,839.16705,178.22792,2383.359,845.68243,-1390.6552,2651.6692,799.0581,-216.05536,2684.3274,793.4862,-1512.6328,2727.4146,779.9804,-304.18668,2758.8462,778.68475,-1616.5996,2743.2983,782.49896,-367.64145,2765.348,770.24927,-1592.6991,2715.9485,786.8636,-267.9608,2742.1138,776.11865,-1501.448,1562.6953,897.8677,365.53558,1499.8962,936.80194,-366.08545,1286.7987,791.4881,854.32715,1149.5798,874.5172,-144.86714,1042.1241,644.2982,1346.0314,825.5636,685.69244,204.89935,1007.13336,579.0757,1385.3322,773.8181,607.771,232.8629,798.00555,679.1912,1279.9233,720.0293,786.2705,-44.4174
Screenshot 2023-02-19 224110.png,100.38398,352.30713,265.83154,98.95812,348.57623,255.61421,98.89656,348.81522,255.63855,98.7321,349.10745,255.6511,100.75211,347.16837,273.3737,102.044815,346.4332,273.3301,103.37391,345.6292,273.35165,104.74743,348.0348,192.44337,111.26198,342.33218,274.3308,104.73911,354.51917,241.80945,107.52394,352.68134,265.15002,108.92192,365.73685,87.416626,148.7397,341.48398,279.35886,63.079227,371.55438,22.54654,152.93848,356.77386,386.0475,20.650219,369.07495,57.32255,123.86202,370.45987,513.2968,9.454981,368.72073,53.02995,116.27299,370.60068,538.8047,8.404361,364.83817,61.62566,113.331856,360.2925,534.0283,13.063185,365.4339,62.092285,113.18124,359.73123,513.6063,198.3109,407.82248,-66.11232,214.24734,385.9586,65.79988,270.92432,430.49158,-109.42578,282.3564,405.2789,32.67936,357.85233,414.9452,-310.14447,363.28308,398.07642,-128.02548,362.09854,405.6165,-330.5469,365.85638,391.21164,-146.96765,401.15143,425.29346,-374.47733,397.98788,407.43454,-180.58186
Screenshot 2023-02-19 224128.png,119.19888,313.37564,179.29341,114.56691,314.27002,165.76054,113.45249,315.60022,165.73776,112.3702,316.9314,165.72714,118.03971,311.70242,175.04224,119.01725,311.39865,174.99725,120.06315,311.01404,174.9833,112.96683,323.3538,96.37236,123.425224,312.89893,139.57196,121.32498,317.0696,155.04027,125.14961,314.29807,166.7661,108.28566,342.82126,23.974329,147.69107,315.1763,122.622734,73.10977,335.6349,-21.669573,151.68925,318.25662,190.44817,28.644484,319.92,-12.439177,138.51779,307.55176,294.73306,16.68555,313.78513,-10.99201,134.66408,301.87592,313.71338,17.755877,310.19708,-7.723423,132.11806,303.00195,318.53323,21.471357,311.35678,-9.869263,132.4565,305.42056,298.9741,205.02141,387.26154,-16.49196,213.90659,368.48343,16.04909,255.72754,384.23584,20.83432,285.3894,354.70767,27.74079,320.703,373.2608,-101.36345,356.07355,354.17606,-100.34125,328.41183,368.1582,-111.6327,359.52393,353.39072,-112.420105,352.59396,383.9982,-145.43707,390.29065,367.1146,-136.17162
Screenshot 2023-02-19 224156.png,78.45281,406.90765,-21.16907,80.06844,398.88266,-31.951689,81.16734,398.47226,-31.949362,82.291565,398.0131,-31.95674,79.79635,398.673,-9.7428,80.723236,398.185,-9.767428,81.66029,397.61276,-9.768693,92.995865,397.2531,-62.284184,91.09519,396.30908,39.221172,83.827644,412.57877,-31.148632,83.7192,411.98138,-1.8352002,111.96217,416.56937,-119.6048,116.257286,407.3916,91.99237,79.37416,430.41736,-250.55173,96.57304,426.8639,177.94853,53.362656,430.70853,-345.07788,65.83767,427.99963,236.50462,44.07595,428.70685,-377.1355,53.55797,427.9735,252.96547,45.24386,425.1,-363.32346,55.96621,425.90234,236.6863,50.704166,425.462,-342.9192,60.99759,426.02325,230.43076,208.14978,428.46744,-70.69409,203.28435,420.36642,70.720116,276.10614,429.9108,-59.51091,269.88278,424.03546,85.27755,343.31992,412.63153,-37.96628,331.2571,412.6172,134.69579,351.472,401.49487,-35.485203,343.01746,402.9712,138.02118,376.2642,427.94736,-77.153435,360.53366,423.76608,107.12569
Screenshot 2023-02-19 224221.png,105.41005,436.68195,22.887722,103.511406,433.0158,11.532912,103.8192,432.89633,11.514398,104.16296,432.73288,11.496222,103.701904,432.10678,32.71075,104.13264,431.39386,32.679855,104.543205,430.63254,32.64774,110.46591,429.60477,-27.630033,110.590744,426.84665,68.35525,110.32919,437.30386,10.633074,110.89292,436.39957,38.096584,127.79959,435.77274,-80.05756,134.3051,424.98093,111.21793,83.637985,446.03464,-135.05478,102.5529,433.10065,146.28351,41.960556,450.86868,-144.81966,64.82623,440.4303,116.83481,22.01036,450.99106,-163.14195,52.83592,439.06488,116.71887,25.14289,447.88153,-150.78294,51.911346,439.2641,104.26744,34.290314,447.74615,-140.36545,54.461987,440.2427,108.97529,232.49367,448.5258,-61.104485,231.47855,437.9149,60.953274,300.6081,440.44156,-37.80742,295.5174,436.92908,86.068924,351.89096,408.45233,-7.667661,341.89908,413.76068,132.3213,353.53122,400.30566,-3.996845,347.0749,405.22263,136.24937,380.0211,402.3404,-32.85625,368.4466,408.1393,116.26753
Screenshot 2023-02-19 224311.png,74.55487,450.21826,-2.2221122,71.76164,445.57404,-11.723048,72.13332,445.2229,-11.735257,72.55484,444.80646,-11.726541,71.5445,444.82056,7.229437,71.73689,443.9902,7.218573,71.973175,443.0932,7.2156277,78.437675,441.19272,-44.352737,78.37399,438.57755,40.690094,79.41749,450.99478,-12.899674,79.18813,450.3711,11.58508,95.89779,448.36478,-103.90867,105.05802,436.04962,81.603775,50.178623,456.11755,-169.99068,67.240166,458.88004,105.74604,5.08496,468.08047,-186.80342,26.482477,457.39725,54.084435,-9.012982,471.45007,-207.61032,18.664743,467.49457,52.12281,-7.7450113,468.34662,-193.53137,16.276245,467.69653,31.908089,0.38417673,467.47696,-182.24236,19.482388,468.86194,43.36644,210.74121,461.83426,-65.881165,207.7098,452.8961,65.699585,288.90195,452.43326,-65.62377,273.8688,448.37958,70.93034,357.29504,416.04694,-55.63,327.6763,430.1005,116.55743,359.82465,404.82318,-55.88056,333.96173,417.8222,118.43179,394.977,425.98572,-103.9147,364.1838,428.09427,88.65675
Screenshot 2023-02-19 224418.png,209.95831,449.9852,-215.46179,209.57094,446.62936,-231.14716,209.10532,445.73856,-231.14629,208.58424,444.84796,-231.19621,210.8558,448.9878,-227.344,211.43248,449.93433,-227.35014,212.02715,450.9192,-227.39804,207.23059,444.1618,-264.5112,212.00385,453.9799,-246.17691,208.97433,450.7919,-221.77197,210.43259,453.31598,-216.1784,198.60739,448.44586,-244.54938,211.7798,469.09265,-218.17378,146.01949,451.02808,-271.99112,157.10876,473.80063,-243.2385,95.6613,444.29367,-309.96008,98.512215,446.8559,-283.9904,81.618744,436.02264,-337.24173,108.9898,447.098,-312.16858,86.617615,431.1554,-343.56155,106.550674,447.66196,-329.1976,92.423225,432.86313,-314.89832,108.55381,451.98242,-294.26355,194.28273,464.301,5.403708,203.07518,477.824,-5.5256224,239.10907,431.01263,53.506493,235.42549,455.9972,49.50798,283.4478,421.24625,143.44366,278.5577,430.0212,131.58894,288.19656,425.63562,151.56512,283.32144,426.0906,140.03421,301.15448,406.43176,114.77223,295.1294,416.4301,96.87184
