IMG_4556.JPG,914.01855,1132.7716,-1565.6667,930.0149,1078.3412,-1503.4702,941.98444,1077.2926,-1503.6223,953.2535,1076.9609,-1504.1165,885.10077,1079.2046,-1530.5494,864.656,1079.009,-1530.8926,844.65063,1079.6118,-1531.0686,957.58685,1084.2124,-991.12823,796.36255,1091.4006,-1109.6517,934.41534,1177.2523,-1354.0903,872.14233,1180.1504,-1389.607,1098.9148,1335.7161,-503.67633,623.592,1362.2235,-797.7962,1136.1349,1639.7732,-243.88422,563.3996,1697.7168,-668.3271,1122.9982,1905.4004,-585.9797,558.8573,1995.4343,-908.1646,1130.272,1992.145,-680.5662,535.61505,2080.6233,-1004.1121,1109.2866,1985.9229,-785.6006,570.66,2081.9504,-1110.9371,1132.3958,1956.5128,-637.36505,591.10297,2057.3472,-952.6106,1016.6837,1904.9692,142.66014,755.26825,1925.7771,-142.49928,1217.6567,2199.101,-1214.0912,856.9357,2268.4028,-1258.9199,1175.7043,2589.7012,-50.203156,767.1866,2695.9775,-278.09122,1116.9647,2626.054,48.234013,744.3227,2712.1067,-193.8021,1265.7773,2802.6694,-381.9603,802.50073,2930.5137,-714.0228
IMG_4557.JPG,1609.8253,1038.6808,-1681.492,1636.4343,992.98083,-1592.2406,1656.3534,994.4258,-1592.4288,1672.3202,996.8982,-1592.9902,1571.7332,992.6962,-1595.7585,1545.8402,995.54285,-1596.4219,1524.2091,999.4801,-1596.794,1695.9338,1021.5552,-989.3009,1488.8761,1023.86224,-1001.6293,1640.8186,1100.2158,-1446.9794,1566.1342,1100.8744,-1452.6293,1863.8792,1319.1294,-490.78604,1314.5658,1322.4825,-538.8853,1916.2279,1654.3319,-239.38991,1213.4432,1675.4733,-264.61658,1914.8484,1956.6809,-650.8377,1157.0881,1985.5839,-583.9304,1905.8804,2038.0485,-756.43097,1125.5728,2075.711,-676.52167,1893.9314,2030.3932,-880.90894,1154.6042,2075.6904,-833.6019,1880.43,1996.7368,-710.15375,1178.5736,2054.536,-649.8504,1755.6622,1921.3445,21.233492,1434.6302,1926.8438,-20.446194,1918.7207,2141.6057,-1937.1146,1442.3386,2207.1946,-1767.0128,1933.9279,2669.9248,-934.43195,1418.3433,2711.496,-791.4529,1883.7924,2737.7576,-867.22656,1424.4261,2759.1985,-725.6415,1983.3047,2898.4102,-1657.7355,1426.8195,2959.7156,-1569.6061
IMG_4558.JPG,1017.4369,923.2398,-1463.9703,1059.0527,869.7365,-1398.8876,1083.8964,870.6991,-1398.6558,1101.634,871.82324,-1398.8705,982.3306,873.3898,-1394.706,958.10077,875.92847,-1394.9941,942.6371,878.5972,-1394.9595,1145.9049,904.3234,-966.0465,921.94794,914.65466,-933.94965,1065.6952,989.0681,-1294.7194,970.12506,991.9435,-1285.3611,1336.9487,1238.5461,-700.18567,743.8161,1250.6099,-649.4645,1399.2994,1613.8844,-601.3099,649.18567,1647.6923,-534.5052,1429.9419,1959.461,-910.5103,621.85706,1990.3685,-786.93823,1446.0121,2060.937,-1009.9853,608.2281,2088.3533,-892.2002,1411.3563,2052.115,-1116.4689,632.731,2091.7522,-990.6728,1392.5966,2021.4733,-958.8303,646.50146,2052.7673,-834.5142,1207.4424,1900.6389,-21.001148,855.79333,1891.875,20.715229,1270.5692,2199.1309,-1388.5789,726.16174,2185.813,-1328.9277,1301.6865,2710.357,-273.42685,757.49347,2688.565,-272.57007,1287.1768,2756.3127,-188.47333,795.211,2735.1912,-189.17252,1309.8237,2980.719,-779.7469,686.2852,2972.9897,-743.70496
IMG_4559.JPG,1230.608,835.35406,-1428.3882,1291.526,776.28577,-1384.3901,1322.4055,778.0289,-1383.8527,1353.6083,780.7573,-1384.037,1224.0212,774.24524,-1345.9536,1209.9927,774.70465,-1346.0383,1198.908,775.50555,-1345.6665,1408.0099,813.3506,-998.9855,1206.5521,808.5764,-803.5164,1286.1478,910.5767,-1271.3364,1204.8424,903.17535,-1214.9501,1630.6101,1192.4683,-834.2613,1015.1658,1163.34,-407.89688,1717.1635,1620.6316,-681.7235,922.1102,1560.7081,-164.08424,1790.0616,1998.9602,-820.3981,888.67206,1884.2512,-320.7495,1832.3995,2118.8167,-887.20496,879.80273,1965.355,-387.44592,1774.9015,2114.024,-1009.5038,901.28986,1941.8016,-486.3665,1754.8713,2082.3828,-868.24176,900.3873,1930.0687,-369.2461,1439.9888,1902.573,-238.92636,1068.4316,1860.9088,237.4101,1240.294,2243.844,-1672.9683,703.7208,2132.8394,-817.081,1312.6946,2806.4465,-733.3804,813.81995,2638.4348,191.969,1358.5288,2853.6804,-655.06036,899.79285,2708.2275,277.2086,1194.2377,3131.7969,-1174.8943,620.05524,2917.508,-76.67474
IMG_4560.JPG,837.90485,673.6382,-1737.7693,896.82544,609.1538,-1714.5157,926.10284,610.4426,-1714.4441,962.6747,613.0991,-1715.0477,846.9418,606.51733,-1631.1979,837.19226,605.3103,-1631.0895,827.905,603.9973,-1630.7958,1055.8717,648.41113,-1395.7689,872.8285,635.4357,-1001.5214,886.08923,748.62476,-1608.4098,830.3264,741.7095,-1494.8851,1293.0691,1073.6514,-1309.8867,737.33044,1003.98254,-397.54373,1411.9556,1556.7222,-1223.2971,746.7347,1457.793,-62.29489,1518.335,1965.8148,-1334.6116,691.953,1732.6124,-442.75076,1569.9974,2099.7322,-1452.5487,682.5251,1837.3417,-512.9612,1529.3038,2101.3848,-1589.8488,688.3734,1817.4539,-663.3069,1497.1646,2070.0693,-1381.7892,713.4948,1786.053,-516.0188,1121.3751,1827.326,-386.50632,791.0967,1764.8344,385.91208,689.20636,2162.3752,-1691.1041,322.9228,2016.949,-409.49747,827.2674,2748.4604,-479.56494,453.62878,2554.2676,550.7266,910.9279,2804.868,-368.2433,524.8901,2617.8303,630.41986,652.572,3058.567,-781.8217,221.17934,2784.8525,302.34848
IMG_4562.JPG,1280.6776,968.42267,-1249.1578,1326.1549,916.5993,-1240.5955,1349.9993,917.5857,-1240.7196,1375.5337,919.32733,-1241.1543,1281.9774,915.1148,-1159.0098,1274.3218,914.6106,-1158.9482,1266.4282,913.81903,-1158.9795,1435.3949,947.886,-1021.18933,1301.0793,933.5888,-654.79364,1324.512,1027.0016,-1161.6068,1275.8016,1021.0785,-1055.8531,1595.0641,1263.8325,-1088.7212,1232.5724,1203.7465,-103.84841,1667.6085,1692.2319,-1086.2164,1248.162,1597.9961,130.84114,1665.0468,2038.3578,-1137.4464,1235.6549,1903.4993,-151.79097,1706.5612,2144.449,-1250.344,1223.2394,1999.0499,-186.30046,1666.6989,2156.8928,-1324.8396,1218.2263,1995.5728,-318.4304,1640.0034,2124.0496,-1162.9269,1238.8435,1964.578,-215.0104,1445.5739,1921.4259,-370.388,1234.9286,1853.1841,370.1737,1032.9282,2201.303,-1134.3756,806.1768,2053.1335,29.565723,1174.192,2609.0288,-227.68106,951.5709,2441.021,581.967,1256.2987,2671.97,-136.75789,1007.09314,2493.54,626.8059,1010.277,2784.988,-284.87918,765.81146,2583.8354,484.96548
IMG_4563.JPG,1455.6184,942.4241,-1130.5123,1503.4009,890.44635,-1128.8331,1526.4357,892.9738,-1128.9326,1550.2158,895.8281,-1129.3774,1461.4695,882.888,-1044.8937,1453.2368,880.2948,-1044.7823,1446.5586,877.1024,-1044.8152,1608.5754,926.4544,-948.69135,1481.9998,897.29987,-574.56793,1498.0308,1001.8293,-1057.824,1449.2203,992.6647,-949.48676,1745.865,1250.7468,-1039.0388,1406.5428,1175.9677,-43.122402,1804.195,1693.7043,-1010.7788,1434.4125,1545.1229,228.23827,1795.0359,2037.3805,-1000.2289,1416.215,1875.5378,19.066816,1822.5358,2145.835,-1092.8289,1401.0503,1971.6208,0.29239509,1786.8333,2148.5576,-1158.25,1397.5061,1969.8096,-113.15542,1766.529,2125.171,-1019.7295,1418.3077,1939.3256,-34.76575,1578.8197,1904.8333,-357.29196,1370.749,1824.4359,356.81448,1142.2383,2161.8486,-983.02435,927.9709,1996.0592,131.77834,1264.5791,2595.8594,-286.77994,1054.9592,2412.896,600.2605,1342.0845,2657.0032,-213.0995,1108.4939,2465.3108,640.0351,1096.0964,2756.5972,-318.55832,855.68365,2528.0955,565.75354
IMG_4564.JPG,1271.724,765.3731,-1256.9529,1325.9622,709.99835,-1300.6517,1356.1177,712.80194,-1300.7405,1394.6553,715.8624,-1301.3148,1282.1273,705.2509,-1166.5482,1273.5894,704.54974,-1166.3,1265.5347,703.4548,-1166.4149,1505.8424,757.53064,-1222.0012,1357.9218,742.7423,-613.6129,1317.3073,851.8245,-1212.9835,1266.983,841.4297,-1037.098,1750.4136,1253.143,-1332.3734,1280.0083,1087.8451,40.68688,1848.1439,1796.5842,-1278.9498,1125.1017,1461.8158,469.41745,1863.2322,2228.5852,-1305.0013,1036.6199,1712.3839,191.48645,1927.2552,2357.644,-1424.1335,977.12714,1752.2084,205.4516,1877.0237,2365.9873,-1540.877,969.7438,1760.7668,50.22416,1843.5736,2323.1206,-1340.1863,1039.9307,1727.9447,122.4835,1512.0049,2100.3252,-464.88132,1243.3737,1952.8651,465.09216,879.8996,2501.9219,-1260.0725,707.56964,2258.6458,409.2116,1105.4948,2841.492,174.9603,848.3973,2630.822,1723.6595,1246.1409,2882.317,337.8635,889.7876,2654.6914,1868.1868,981.7707,3184.725,420.6322,661.3106,2801.7322,2028.1841
IMG_4565.JPG,916.08984,1205.8236,-554.99036,928.25073,1144.0648,-682.9963,938.975,1142.5637,-683.0691,949.79175,1141.2893,-683.543,919.7474,1136.5972,-571.01825,920.1026,1130.5857,-571.09753,920.5983,1124.6794,-571.89166,1012.29614,1130.4329,-978.463,981.36664,1106.5627,-479.62933,968.5336,1242.5331,-634.632,950.2021,1235.9432,-491.0795,1179.8903,1374.9586,-1250.2987,1139.9921,1263.3906,7.264698,1277.8428,1849.6835,-1270.872,1121.4791,1568.3164,619.291,1472.8545,2257.083,-1110.0483,1124.5193,1562.994,1194.7137,1521.6752,2318.7708,-1166.5986,1133.0269,1568.2904,1334.5902,1460.7853,2232.912,-1255.6759,1076.8013,1541.5765,1288.2058,1437.7217,2201.932,-1138.497,1116.8064,1552.0499,1189.0464,1178.7782,2135.573,-450.48337,1074.6045,1938.1084,449.39587,481.16714,2277.4758,-645.9012,408.97455,1688.8616,672.48584,839.8958,2790.6687,-110.95473,645.8179,2274.0754,982.5722,956.06226,2837.9692,-27.728622,737.31335,2324.0208,1018.8288,624.0418,3033.7625,116.56401,506.90356,2496.278,1107.6857
IMG_4567.JPG,1318.6246,585.7169,-336.20438,1343.2247,538.9537,-420.6431,1350.119,538.2868,-420.72675,1357.3217,537.1301,-421.02362,1340.3552,536.66846,-300.6464,1345.502,534.1509,-300.52124,1350.9653,530.8996,-300.80133,1432.5001,542.6441,-648.81995,1428.3304,537.9614,-114.69661,1347.0621,628.5308,-412.56537,1341.8726,627.6246,-256.18176,1603.254,871.4793,-917.72974,1484.135,835.70953,249.82613,1622.5421,1312.9066,-972.05194,1479.5717,1206.7777,510.42563,1621.0989,1663.1584,-855.1564,1450.2672,1453.6483,486.1006,1647.2965,1771.2046,-953.39246,1433.4961,1526.1589,498.99152,1616.9736,1771.8313,-956.7809,1428.9412,1526.6025,409.52097,1603.564,1738.9429,-850.32935,1445.8452,1527.9446,443.8682,1466.371,1572.2725,-356.73853,1370.0035,1475.0492,356.71744,928.3883,1635.6599,-343.3571,936.5383,1509.2863,412.6359,1131.5739,2071.7947,183.90912,1125.1394,1913.2511,993.8188,1212.8845,2164.1487,243.99043,1212.7578,1960.8757,1051.7355,920.05853,2199.821,290.21143,958.8775,2060.7463,1133.7141
IMG_5175.JPG,1033.3033,1341.884,-371.23203,1025.4266,1301.4185,-312.6948,1024.75,1300.8457,-312.9696,1023.4048,1299.9824,-313.10962,1013.71936,1300.4583,-431.92358,1003.5158,1299.2036,-431.86438,991.68787,1297.6017,-431.94772,967.07117,1306.0173,-6.368549,926.49927,1303.8225,-548.99176,1014.07196,1382.6255,-249.49387,999.83356,1381.5356,-405.66263,920.9656,1562.7084,409.25345,800.0869,1543.9681,-801.8574,900.2299,1868.1025,606.79083,730.6127,1891.9426,-944.13257,1040.5499,2042.0917,389.40173,693.0523,2198.3372,-930.222,1077.9136,2101.7139,372.17416,658.02954,2295.6226,-1052.0425,1072.8088,2087.317,265.58353,677.67633,2308.7192,-1066.4104,1050.7518,2072.688,332.49136,698.24457,2266.6567,-938.8543,922.75446,2067.5828,412.27216,825.6784,2080.837,-412.1386,1291.6042,2100.624,371.31268,1287.0146,2160.9126,-681.0709,1181.1626,2575.8232,555.4755,1122.779,2669.9795,-381.85284,1108.211,2625.8992,563.52747,1060.7535,2733.1384,-339.89316,1343.6515,2769.097,440.78915,1292.8041,2821.5015,-426.39627
IMG_5176.JPG,1223.2001,1287.8928,-763.2071,1211.2405,1245.7106,-698.9515,1209.6719,1244.9373,-699.27954,1207.3037,1243.6978,-699.50415,1200.9442,1243.6759,-835.934,1190.8135,1241.2661,-835.98474,1179.1478,1238.2913,-836.1849,1148.4701,1248.1294,-346.97324,1109.8329,1244.4111,-966.73834,1201.9312,1325.4601,-620.2224,1187.3359,1323.5201,-799.2161,1129.4945,1500.7916,129.596,945.4879,1494.0605,-1155.4401,1073.9125,1806.9427,340.61395,852.713,1832.9185,-1373.695,1140.481,2054.6118,131.77466,793.585,2151.634,-1409.0703,1155.7188,2133.218,105.23875,742.6876,2245.0222,-1556.3633,1137.4333,2125.855,-3.341826,775.1819,2258.4004,-1581.3861,1121.6517,2102.223,73.1536,795.741,2227.0947,-1423.0895,1107.0099,2007.26,407.31094,969.552,2017.7346,-407.11093,1487.8074,2120.0623,6.9556956,1379.3566,2151.235,-1016.2625,1382.6854,2536.8547,369.15652,1198.099,2665.9973,-730.33606,1330.1984,2596.056,393.64697,1124.5333,2737.2153,-701.6634,1579.0608,2636.9705,154.55907,1364.0421,2821.4688,-1007.87994
IMG_5177.JPG,1307.3882,1298.0375,-1118.2842,1310.2744,1261.0999,-1008.9523,1316.4694,1262.0123,-1009.2003,1322.1526,1263.0839,-1009.55554,1281.7913,1257.6907,-1109.8777,1264.7906,1256.0714,-1110.0004,1246.8475,1254.7374,-1110.1294,1294.9283,1276.8334,-462.25317,1193.2516,1268.816,-916.77924,1308.5754,1337.2213,-909.3446,1276.828,1332.9006,-1041.1261,1303.007,1520.5417,137.03212,1052.2782,1491.0348,-918.54095,1263.4387,1793.7816,403.06616,952.5277,1807.0134,-1022.0949,1239.7247,2010.4142,153.83492,881.2978,2103.7046,-1139.0911,1248.446,2085.668,99.35587,837.37646,2187.656,-1273.8342,1227.2958,2079.8599,-7.5986705,869.2748,2192.916,-1329.2249,1214.6136,2053.332,94.782196,893.7051,2169.023,-1163.9495,1246.1271,1983.9597,350.9707,1075.916,1983.5762,-350.69662,1605.5408,2109.9673,-606.86993,1345.4235,2128.7583,-1327.7616,1492.1027,2525.1597,-205.22414,1184.7081,2610.5078,-1036.6892,1447.7722,2585.6826,-180.40495,1130.2488,2663.2788,-1017.1435,1689.4313,2634.4014,-514.56433,1294.9181,2786.225,-1462.6837
IMG_5178.JPG,1579.6663,1442.6833,-1057.7922,1595.1387,1409.8588,-956.139,1605.8325,1411.5614,-956.3878,1614.7578,1413.356,-956.75256,1558.402,1404.5427,-1016.8351,1541.4297,1403.0406,-1017.0851,1524.3312,1402.199,-1017.1829,1613.538,1427.5492,-421.2205,1490.2395,1418.1909,-697.7038,1588.6173,1484.278,-855.2711,1546.7507,1477.0754,-935.81573,1676.5582,1679.5414,104.27402,1344.5852,1644.1218,-591.6662,1663.8434,1951.8093,293.09464,1262.3547,1941.0386,-578.94336,1670.7241,2169.9539,-62.931835,1183.6826,2216.706,-766.9085,1687.0845,2261.015,-145.32658,1147.1921,2300.6536,-874.71704,1687.1713,2263.457,-255.14076,1179.5098,2303.5442,-971.3598,1670.3978,2246.0598,-122.861984,1203.5266,2278.4705,-806.28375,1588.584,2126.8713,273.77478,1387.6143,2119.9614,-273.169,1888.5394,2263.247,-1031.3889,1535.1141,2245.4675,-1412.7109,1820.8655,2707.6414,-716.56366,1375.8083,2710.5889,-1044.3599,1772.0275,2765.1086,-702.7044,1344.7665,2754.279,-1021.3004,1982.3162,2832.4111,-1130.7172,1419.9904,2870.6296,-1514.1305
IMG_5179.JPG,935.3952,1351.2416,-923.1758,968.70135,1318.8761,-842.7611,985.10114,1320.994,-842.8875,995.9292,1322.9323,-843.1475,922.3092,1313.4889,-844.6505,908.40015,1311.3494,-844.97705,897.6124,1310.1079,-845.1797,1018.5659,1339.7399,-402.92532,889.1155,1324.5925,-412.6544,962.3532,1395.9916,-759.87103,905.6271,1390.2743,-764.1867,1113.149,1613.9371,-93.96248,744.5772,1565.5901,-183.84616,1113.5089,1904.262,4.393324,666.2819,1861.3843,-141.15036,1127.5413,2151.3105,-267.92313,592.1534,2138.5625,-395.68695,1138.7231,2231.591,-343.61774,548.5927,2216.9531,-478.03015,1125.7665,2229.601,-449.158,571.4388,2223.2703,-600.9417,1113.7667,2206.3208,-317.827,597.7971,2197.298,-448.60492,985.5298,2067.2153,21.56738,754.1869,2044.485,-21.22598,1122.142,2222.249,-1516.269,682.1446,2203.7039,-1274.9119,1113.4209,2686.6853,-1303.4915,567.57513,2651.1802,-938.57355,1070.9991,2745.993,-1309.8298,588.4917,2710.4775,-930.70135,1180.6195,2831.4097,-1932.0673,501.08496,2797.0337,-1558.8594
IMG_5180.JPG,918.8649,1332.8287,-760.49475,950.1863,1296.1703,-694.79785,966.8277,1297.758,-694.7907,984.9259,1299.5837,-695.04193,913.65344,1289.9133,-668.95917,905.16345,1288.1395,-669.10284,897.7182,1285.942,-669.1238,1021.4732,1315.1666,-317.01154,910.4316,1297.7839,-190.71046,949.7686,1378.3611,-619.6353,905.3684,1371.799,-584.90393,1157.4923,1569.6403,-86.516365,788.994,1534.5763,64.882065,1172.4065,1877.9937,-66.76059,720.2907,1818.4805,145.02148,1216.421,2162.8303,-351.5004,660.0357,2067.9553,-183.43254,1245.9257,2254.8613,-444.11002,632.4107,2140.6843,-282.51923,1219.6111,2253.5378,-571.4101,634.1452,2143.574,-406.43048,1202.1724,2223.7202,-406.09546,649.8125,2119.9312,-239.82414,1020.92096,2057.9495,-56.189598,789.0542,2028.2794,56.638927,1046.4338,2224.7217,-1590.1519,602.79517,2153.8357,-1186.9073,1072.448,2703.6975,-1448.6161,521.9306,2628.7114,-963.8895,1043.3038,2761.8005,-1464.6385,564.0619,2699.3064,-970.86896,1099.0925,2868.61,-2117.9688,400.33734,2763.0945,-1569.6625
IMG_5181.JPG,979.8673,1168.75,-912.49976,1021.4267,1126.2937,-859.06165,1043.0796,1126.6559,-859.0284,1065.6024,1128.275,-859.37335,974.4521,1124.1786,-802.8517,965.05176,1122.6465,-802.8107,955.2091,1121.3303,-802.5679,1107.9619,1152.4901,-515.725,971.8858,1140.256,-242.60637,1019.25305,1221.9165,-784.2963,967.11005,1216.8176,-706.52313,1256.3273,1446.9657,-420.33154,886.33276,1421.3802,177.87883,1313.0012,1799.0613,-441.17523,839.23157,1729.2635,439.45917,1371.7651,2126.773,-655.46783,764.4669,1990.76,81.72804,1407.9149,2237.7314,-759.6563,763.7485,2039.3655,-1.4933246,1373.9142,2239.2173,-889.3429,770.6043,2034.8234,-150.79059,1356.3848,2209.199,-706.6233,795.87585,2015.4526,12.08707,1105.4363,1985.7552,-239.56918,875.9412,1960.012,239.42455,948.9474,2130.139,-1737.9274,531.05664,2076.639,-877.17755,1049.1256,2691.568,-1476.8035,533.23944,2582.2537,-514.94415,1083.6738,2743.8745,-1472.3966,592.2519,2671.0654,-505.77197,969.87585,2916.0098,-2087.2834,317.37692,2705.1548,-1026.1703
IMG_5182.JPG,1124.9692,1021.6098,-1243.9003,1161.4767,966.80695,-1209.3934,1184.8325,965.22156,-1209.4879,1209.393,964.00256,-1209.9521,1118.2765,970.51825,-1125.156,1108.1259,970.7013,-1125.0135,1098.2759,971.7263,-1124.7681,1268.2212,983.7425,-917.3741,1129.1521,989.0608,-525.248,1172.4987,1071.7705,-1134.523,1121.5552,1072.5195,-1021.96484,1442.8926,1318.3368,-947.8734,1106.254,1317.1296,106.28488,1544.9766,1749.7804,-975.9181,1094.668,1693.086,481.3261,1600.672,2142.1729,-1217.7622,1008.1455,1963.7168,131.812,1654.9344,2252.9062,-1367.8772,970.21515,2030.6334,81.233284,1600.1112,2256.7065,-1482.5284,967.1962,2026.5397,-84.13423,1580.8855,2228.129,-1261.5154,1002.4451,1973.5828,54.140236,1295.2098,1966.804,-399.87057,1071.1401,1927.6876,398.96442,929.32733,2138.0432,-1654.6224,614.14496,2023.4303,-145.13608,1092.1359,2773.8901,-1308.0365,674.57965,2567.0408,499.18707,1162.9055,2862.6628,-1285.4952,743.7367,2662.203,542.60126,919.9925,3002.6714,-1840.8376,412.59,2694.927,175.38829
IMG_5183.JPG,816.734,1018.4907,-980.2752,858.47577,956.44977,-969.6245,881.9191,955.9093,-969.64655,907.00586,955.9982,-970.0689,814.3354,960.1513,-863.2549,806.60626,961.394,-862.96436,798.3899,962.1641,-862.8404,974.03296,984.64484,-791.4388,840.09436,984.1451,-310.12064,866.7864,1073.5947,-915.9373,815.6489,1075.1593,-776.801,1138.7444,1317.872,-1010.725,872.1218,1316.3905,311.04657,1252.4276,1778.5718,-1124.8367,892.2756,1741.9839,638.97565,1318.7838,2212.2017,-1231.263,822.5833,2017.272,385.67697,1367.5336,2333.0823,-1362.8143,803.52026,2106.3225,355.19,1320.3185,2340.9805,-1440.4216,790.85754,2096.249,224.10329,1293.8348,2306.4438,-1258.5233,814.4102,2068.5737,318.25345,1032.7188,2016.2905,-469.44238,846.86163,1972.1981,467.8324,585.37354,2207.6677,-1065.6796,286.12112,2059.83,70.58815,675.9102,2880.4866,-739.67035,396.15076,2640.9058,444.52777,762.3393,2980.7812,-703.3564,467.78537,2729.2898,471.30847,432.2589,3110.0059,-1005.2005,117.54849,2762.4314,309.9504
IMG_5392.JPG,1417.5836,802.8456,-1415.844,1414.8022,749.6144,-1294.8076,1418.5604,749.35675,-1295.152,1421.6643,749.29614,-1295.515,1384.3612,746.9993,-1443.4043,1364.72,745.5569,-1443.8094,1341.9025,743.7415,-1444.0013,1364.1641,764.49976,-644.11005,1253.6495,756.33716,-1311.7872,1405.3027,855.36926,-1160.3037,1369.121,855.9567,-1353.8091,1397.7814,1065.8865,48.135956,1018.2433,1093.1245,-1305.117,1279.5602,1446.1968,344.3375,914.70233,1464.4784,-1329.3107,1230.9437,1800.1078,-38.434063,837.50464,1862.4849,-1351.417,1222.4614,1900.6056,-115.24366,775.5784,1968.85,-1500.1166,1218.7972,1903.6868,-253.56798,817.18445,1982.1438,-1538.2542,1204.835,1865.0017,-117.19509,847.23224,1949.0713,-1366.0715,1341.8324,1775.4958,447.8131,1115.1217,1806.9235,-446.7048,1741.0822,2066.9573,-548.8899,1449.0985,2187.48,-1277.3682,1664.8718,2546.9019,318.43448,1324.6759,2711.4795,-528.7837,1612.459,2599.0652,381.85498,1264.0258,2764.0747,-481.7412,1848.1486,2724.5193,8.997886,1453.7075,2969.2578,-1063.6102
IMG_5393.JPG,1226.6821,706.9461,-1871.4271,1280.1562,657.75305,-1772.4451,1305.6848,661.4296,-1772.7001,1330.0017,666.4177,-1772.9674,1223.9062,649.80615,-1778.0001,1209.2792,647.57916,-1778.4459,1197.7888,645.9658,-1778.8177,1371.8557,705.0579,-1117.4105,1202.9777,676.9379,-1131.8613,1262.5656,778.2763,-1618.8163,1197.4025,769.4689,-1623.7988,1511.2229,1009.6521,-462.12057,1027.6539,1015.7859,-748.6638,1498.1943,1300.626,-90.06937,927.6655,1388.7185,-477.3353,1474.4004,1520.1816,-577.6176,876.9916,1755.4353,-801.58813,1534.3219,1601.7697,-684.09125,826.72864,1862.8936,-923.5553,1534.4905,1583.76,-832.4849,859.5203,1869.9078,-1062.0012,1516.3125,1556.5747,-651.59644,885.80554,1841.4755,-860.2698,1404.5142,1706.5574,200.6242,1131.2458,1722.1754,-201.09648,1690.8397,2092.4844,-925.58185,1241.2437,2159.152,-1203.1602,1630.3483,2626.5051,56.52002,1157.7268,2687.1758,-321.20258,1554.3785,2679.792,116.833626,1133.7926,2726.749,-264.09866,1792.4429,2865.8196,-547.2826,1183.492,2953.4133,-1012.48804
IMG_5394.JPG,1294.7155,897.2157,-2200.4065,1327.4679,843.2401,-2157.1235,1345.7723,839.7692,-2156.8464,1360.311,835.0266,-2156.871,1267.1572,839.77094,-2170.9036,1247.1864,835.0784,-2171.2107,1228.2328,829.9878,-2171.045,1385.427,822.2777,-1583.1404,1200.0417,818.0398,-1640.1195,1322.7775,945.8112,-1954.0042,1249.6384,945.3402,-1971.446,1530.8462,1081.8463,-945.6336,1018.40436,1065.9246,-1063.4125,1551.3105,1416.639,-492.13785,933.6443,1420.8107,-739.02234,1556.6058,1778.3591,-791.24207,900.0906,1748.3315,-1018.0936,1577.9001,1869.1106,-874.86035,860.85565,1846.9232,-1125.7372,1561.9742,1866.4045,-1038.0833,886.2333,1852.9225,-1272.679,1544.1669,1843.7544,-859.19244,911.4937,1821.1671,-1076.8127,1383.2308,1715.0525,26.392483,1101.0304,1706.761,-27.314852,1519.0082,2159.021,-448.10764,1018.7708,2160.9636,-393.28555,1506.537,2658.3557,393.68378,986.51447,2653.2117,393.9599,1455.4512,2710.4426,441.93365,1022.6764,2711.5369,438.35938,1569.4016,2912.91,-190.99281,911.5443,2890.2917,-182.57953
IMG_5395.JPG,1176.1803,937.54443,-1731.7344,1213.3337,886.2518,-1723.1476,1238.8654,884.7686,-1723.0037,1264.2439,882.75165,-1723.3671,1160.9006,885.792,-1675.667,1149.7953,884.3891,-1675.6119,1137.2614,882.72845,-1675.539,1314.3618,886.5227,-1355.9604,1146.843,882.768,-1125.828,1220.3347,984.29803,-1565.7853,1155.0437,985.7199,-1500.2229,1488.7788,1147.6558,-1021.43945,1034.3727,1117.1074,-533.17413,1543.3239,1486.8684,-801.22327,957.0234,1418.5017,-143.22595,1536.5563,1850.799,-980.60156,980.4557,1717.3616,-404.54855,1560.5898,1953.512,-1073.115,961.35547,1803.6422,-474.69125,1523.5485,1951.2454,-1204.5364,973.9042,1804.3109,-623.0871,1499.9336,1915.4747,-1025.5464,988.3057,1779.3286,-469.12238,1350.2104,1766.1361,-161.10333,1094.4354,1738.9845,160.66711,1321.9514,2202.47,-826.27625,845.3285,2124.9988,-474.98077,1347.7987,2708.5024,-82.52901,875.95233,2623.8225,298.47742,1346.6088,2750.2288,-40.695023,939.40295,2685.9272,345.48654,1341.3434,2988.04,-615.61426,724.6826,2832.0564,-114.63941
IMG_5396.JPG,1322.4227,860.1947,-1528.0452,1349.9982,805.53107,-1546.8057,1371.1703,802.2853,-1546.8094,1396.1172,797.6986,-1547.2465,1316.0411,807.16595,-1453.6493,1308.1787,806.2829,-1453.5446,1299.3209,805.34,-1453.4397,1466.8633,803.9729,-1316.2789,1332.6177,808.3105,-884.3823,1368.1726,910.7879,-1417.6938,1324.0017,912.9158,-1293.2958,1683.119,1105.4536,-1103.7903,1237.8385,1050.7935,-219.79651,1742.6149,1455.7131,-978.31464,1181.6527,1329.305,376.9681,1740.1298,1813.2225,-1113.0807,1243.0529,1584.6637,198.99686,1775.083,1921.1488,-1222.5377,1239.183,1656.9426,156.68097,1737.7983,1922.529,-1346.334,1217.2716,1634.6603,7.978888,1713.5548,1885.5917,-1154.3986,1230.0446,1608.4438,133.48405,1514.2236,1734.2963,-275.2374,1273.5717,1689.6394,275.56146,1304.2128,2115.0344,-904.2426,929.6991,1975.5139,-613.4007,1358.1414,2597.3516,-69.931984,972.7156,2467.1665,200.14291,1395.9215,2655.213,-21.770725,1029.6273,2531.4062,248.84818,1253.7091,2839.393,-650.07294,787.533,2611.9128,-260.86325
IMG_5397.JPG,1097.6005,912.5707,-2072.6384,1145.3896,857.7002,-2014.0897,1173.6589,856.5,-2013.9257,1194.3403,856.67236,-2014.204,1065.0773,861.70935,-1984.343,1045.2997,862.6874,-1984.6484,1029.4241,864.13776,-1984.6047,1247.6785,881.65204,-1484.3921,1026.0349,889.647,-1341.9849,1160.2888,972.8525,-1859.1003,1063.4967,975.8634,-1818.7838,1451.1826,1172.4304,-1025.906,895.30444,1190.9052,-757.2168,1493.5537,1520.9846,-860.3569,862.058,1525.5879,-384.20926,1517.4291,1814.1033,-1375.0771,885.0577,1823.7299,-770.2522,1554.2964,1901.3353,-1502.6205,878.52106,1904.1896,-873.45746,1533.8386,1896.464,-1646.413,884.0227,1898.146,-1008.8654,1509.9111,1876.013,-1433.494,895.6795,1879.5953,-830.39575,1337.6157,1823.1624,-46.946125,1013.38995,1819.2142,46.590435,1479.5078,2275.0527,-1174.967,816.7449,2240.4512,-1041.897,1482.5924,2677.6658,292.39792,834.0818,2616.6038,488.6207,1447.3934,2709.7817,399.3702,879.08405,2649.2534,608.64844,1511.484,2921.021,-295.59912,731.263,2849.3572,20.984911
IMG_5398.JPG,1289.3005,794.3103,-1673.7726,1338.307,731.52606,-1660.3691,1368.8273,735.3342,-1660.2289,1397.2188,739.3856,-1660.542,1281.0887,722.8196,-1585.899,1265.9211,719.9055,-1585.8173,1251.4458,717.036,-1585.6874,1461.8958,774.269,-1367.2288,1276.9698,743.81635,-1012.83966,1336.54,861.7952,-1548.3093,1268.2373,855.15735,-1445.5186,1668.6478,1122.8391,-1137.7701,1153.1925,1062.5665,-429.17087,1749.673,1502.2809,-973.8509,1134.5709,1426.9567,50.468185,1742.1366,1834.817,-1149.4264,1143.2521,1694.2192,-236.53336,1775.5975,1943.5665,-1261.0435,1139.4258,1792.4028,-310.56195,1732.6654,1937.2463,-1384.0707,1150.3018,1773.3713,-459.92648,1712.6936,1899.5431,-1192.8322,1170.488,1739.7091,-304.8536,1501.1787,1779.5139,-242.34802,1203.2214,1720.1028,242.41718,1309.3325,2221.4502,-1250.161,788.01904,2018.5619,-450.17914,1334.7452,2658.67,-202.3343,809.4733,2399.1985,776.1833,1365.6604,2708.9912,-125.76598,863.67004,2457.089,873.0302,1246.7424,2940.4045,-704.56793,620.5193,2576.7825,479.39944
IMG_5399.JPG,853.2073,543.9286,-774.21375,892.6566,473.4339,-841.7821,913.98425,471.28043,-841.6958,938.1434,469.60983,-841.8706,859.0057,475.38367,-717.32404,853.6269,475.318,-717.21246,847.4482,475.13788,-717.2205,1040.5107,497.5028,-931.0017,931.0017,496.68695,-370.72653,898.41833,616.9818,-794.8415,859.96063,622.583,-631.1222,1326.4335,882.3113,-1022.57666,911.9703,819.49744,66.69567,1490.3641,1312.5029,-836.2867,934.4064,1215.1401,530.70013,1565.1802,1696.4714,-659.8835,920.3882,1569.4463,528.8609,1633.1598,1807.1622,-719.8332,916.387,1676.7341,525.7251,1595.0985,1815.4297,-818.55615,931.89087,1662.6783,423.46243,1564.99,1775.5668,-686.0522,952.8615,1630.2936,482.22333,1264.5076,1655.8373,-364.25742,1018.886,1580.232,364.4088,853.6942,2095.4988,-853.4131,513.09064,1867.8142,245.04018,1020.1489,2548.743,-135.69295,707.44116,2244.782,987.69763,1104.3206,2607.6428,-65.23214,792.26196,2308.293,1055.3077,824.6052,2802.6765,-221.80724,446.6926,2412.1973,1047.1953
IMG_5400.JPG,850.80084,565.327,-788.37714,890.4748,498.4051,-856.90173,912.08734,497.5387,-856.7897,935.76746,496.6195,-856.9436,856.0942,499.5072,-730.5898,850.2346,499.4044,-730.5026,844.27295,498.5681,-730.488,1028.098,523.1183,-943.6281,924.9002,523.82654,-374.42645,890.9767,635.9016,-807.08826,857.14966,640.0836,-640.69666,1323.1545,894.69836,-1037.5114,897.5008,836.6887,81.1802,1487.8524,1322.9752,-902.20624,915.896,1204.5186,618.1531,1557.6299,1702.9408,-779.33154,892.3115,1568.2295,706.0171,1621.6635,1813.2626,-844.1458,882.9769,1669.2225,726.99994,1584.9259,1823.4093,-932.4356,892.9608,1658.898,620.72034,1553.513,1782.4155,-802.43243,916.7125,1628.6611,660.5005,1250.5659,1675.088,-366.65567,1001.8488,1603.2411,366.97662,856.49,2128.8599,-952.55005,511.49408,1880.6283,261.65634,1017.17334,2563.4238,-218.52255,719.90204,2270.9595,1049.92,1101.7838,2623.4814,-147.05573,794.1901,2330.5825,1121.3291,823.97296,2815.4739,-322.14108,450.59372,2431.5022,1107.0326
IMG_5401.JPG,861.2276,599.3976,-815.40704,900.60205,538.5453,-880.84827,922.675,536.20245,-880.74445,947.1763,534.0611,-880.8927,867.2725,541.4935,-754.0062,862.00494,541.21375,-753.9386,856.4712,540.3147,-753.97296,1043.1918,560.79956,-946.8333,932.54755,560.77155,-378.9644,902.7163,665.4648,-826.73785,868.1986,667.4661,-661.24115,1325.8566,935.1949,-1066.9403,908.51526,882.71857,114.62901,1505.106,1365.2407,-955.57965,935.70886,1253.8405,676.6415,1572.2812,1753.6953,-873.7522,925.9573,1598.7594,757.5697,1633.0934,1867.5544,-953.42645,920.572,1703.5818,781.5155,1596.2122,1877.8082,-1037.974,933.48956,1690.3633,673.42236,1564.4661,1835.1678,-895.7189,954.8646,1659.0016,713.17737,1264.2529,1731.6012,-394.6539,1014.63916,1644.4648,394.75073,835.67316,2184.485,-963.314,511.05316,1930.3147,282.94556,1013.98395,2619.9194,-139.79446,706.9106,2310.2373,1032.527,1100.2297,2683.2644,-53.229332,785.4985,2359.3145,1102.3641,823.0526,2889.5925,-170.22388,453.72675,2494.8147,1099.1354
IMG_5403.JPG,1292.6906,770.4497,-1398.4083,1275.1714,718.1923,-1278.7129,1278.7363,718.0539,-1279.1848,1281.7222,717.5247,-1279.7108,1248.3884,720.4295,-1400.2505,1227.2405,722.1567,-1400.5453,1202.3849,724.10156,-1400.7983,1221.9857,738.8192,-687.3138,1114.1874,753.0431,-1233.494,1295.0022,825.2672,-1173.3212,1258.5859,829.0873,-1331.9999,1309.7284,1033.9271,-133.01189,910.08716,1088.6741,-1213.4747,1295.6864,1422.9668,122.40561,714.1165,1450.4172,-1261.9021,1313.4908,1737.9279,-193.16486,651.572,1798.3276,-1262.398,1319.2214,1806.1014,-259.23578,600.10986,1906.6195,-1371.6835,1317.9016,1839.4315,-368.65714,651.8287,1913.8401,-1436.906,1289.453,1807.5363,-254.98743,675.5987,1877.4438,-1290.5624,1257.679,1680.591,383.78406,1010.79285,1729.4022,-383.66342,1679.3737,1877.6295,-388.6599,1299.1117,2090.0974,-1171.5859,1566.3778,2299.4578,701.1523,1176.1525,2565.8606,-388.92175,1512.02,2356.6995,789.70355,1104.5029,2619.8472,-330.50702,1747.3036,2462.1355,500.55075,1306.0149,2801.0828,-854.66455
IMG_5404.JPG,1529.2183,822.8012,-1575.5089,1514.1365,765.2063,-1446.8636,1518.7188,765.4048,-1447.2203,1523.019,765.1714,-1447.7325,1484.6979,766.928,-1562.6244,1463.0454,768.2496,-1562.9763,1437.7142,769.4702,-1563.2787,1464.5272,787.4854,-791.2165,1348.4949,797.96454,-1310.2465,1532.4368,878.0658,-1325.4928,1490.419,882.35455,-1476.5979,1567.3434,1117.7391,-191.07184,1105.006,1128.3131,-1166.5171,1469.666,1497.2273,118.831474,886.612,1480.9525,-1056.3026,1477.0685,1834.7549,-201.83641,799.62573,1841.4185,-944.7583,1493.0364,1935.9226,-276.7444,744.38403,1946.1759,-1025.5156,1460.6146,1943.3337,-386.5655,792.9902,1957.3113,-1117.1451,1437.1702,1906.1118,-261.83917,820.1351,1921.5465,-978.7465,1454.8223,1765.8673,365.99646,1185.7743,1789.964,-365.79532,1873.3058,2019.6868,-747.0481,1423.9835,2187.3103,-1406.5486,1751.8588,2459.4707,336.28445,1233.1578,2700.8953,-651.4034,1684.8549,2526.4485,421.58795,1158.6317,2752.2349,-598.12823,1929.8955,2680.1292,31.885603,1349.9684,2969.3508,-1210.4321
IMG_5405.JPG,1622.9463,897.8269,-1602.1143,1625.2941,842.84753,-1484.7101,1634.6687,842.9482,-1485.028,1643.4171,843.0371,-1485.506,1584.6282,839.523,-1567.7987,1560.2623,837.8301,-1568.2001,1530.6522,837.5406,-1568.4332,1608.6212,857.25854,-816.5644,1443.8092,860.4523,-1189.5084,1625.1936,953.9972,-1344.976,1576.3676,960.3853,-1453.8273,1700.354,1181.5693,-226.41484,1180.2885,1192.7363,-914.9574,1640.8881,1540.6233,108.62285,976.92084,1520.6678,-722.6103,1641.0876,1837.7369,-300.22995,890.0139,1865.5405,-775.36914,1654.642,1926.9823,-397.91833,837.3021,1968.0219,-860.6788,1636.9183,1929.3013,-522.2278,887.3484,1973.5477,-980.6703,1611.8481,1895.9384,-366.0091,909.4008,1945.6052,-823.0544,1577.4634,1845.3939,300.35614,1286.6388,1853.7373,-299.9795,1963.5168,2137.3364,-943.72406,1409.4214,2247.9453,-1437.3643,1862.0028,2582.8088,125.717896,1247.2203,2757.45,-595.3201,1788.0979,2652.3552,207.99677,1185.7404,2800.9834,-531.55304,2017.7317,2847.8025,-251.59245,1314.6735,3055.0913,-1153.0211
IMG_5406.JPG,1688.4576,817.92303,-1400.7201,1689.3779,761.8932,-1306.4303,1701.4856,762.07764,-1306.7754,1712.1573,761.75757,-1307.2871,1643.2285,759.3296,-1375.237,1617.0521,757.3687,-1375.6193,1586.4169,755.2527,-1375.864,1685.82,780.7625,-723.3868,1505.483,778.56323,-1027.5565,1699.97,876.45496,-1170.8427,1642.2095,880.6104,-1259.5488,1799.5845,1123.0636,-213.79866,1246.5355,1119.3007,-813.04865,1778.429,1478.695,90.28721,1041.9272,1450.5126,-694.8162,1725.35,1759.2192,-276.1406,962.23083,1789.065,-837.20795,1773.9429,1854.2197,-373.69232,906.43646,1888.9331,-927.4094,1724.68,1833.2258,-478.17163,958.03424,1893.1964,-1039.4554,1720.1605,1806.4066,-332.01822,981.40796,1865.5632,-883.4279,1665.4039,1805.5903,262.5533,1354.8546,1801.8815,-262.35712,2016.9701,2094.7976,-964.30884,1404.5732,2185.8757,-1329.1566,1921.3558,2516.948,148.68881,1256.7517,2677.511,-434.27914,1845.5636,2591.6953,240.99362,1200.4178,2715.766,-358.37854,2072.4248,2792.6267,-151.03026,1296.2284,2985.3655,-903.5363
IMG_5407.JPG,1220.6962,819.24884,-1482.0765,1235.1542,762.1537,-1389.9885,1251.8258,761.685,-1390.1936,1268.1354,760.8099,-1390.6805,1176.9982,762.33856,-1421.4911,1148.8274,762.5135,-1421.8217,1122.9133,763.13635,-1421.9958,1272.6652,780.6025,-805.5394,1064.4061,785.9473,-942.81464,1244.6487,878.34705,-1251.9744,1176.1543,882.03064,-1292.8302,1413.8192,1137.4613,-386.01764,842.85333,1111.3528,-631.82196,1416.759,1492.9446,-131.69946,669.1286,1432.9678,-508.605,1371.2375,1780.872,-518.9214,619.68823,1769.2006,-805.7621,1376.6359,1865.196,-616.20123,581.1464,1877.3657,-908.2885,1369.0253,1852.194,-723.533,619.196,1870.8126,-1006.01495,1348.9323,1812.6982,-573.73315,643.7015,1837.7262,-850.00525,1284.4579,1801.621,87.31828,941.8717,1797.096,-87.39652,1615.7603,2110.0134,-1368.1605,905.5178,2154.0017,-1296.1244,1537.8196,2560.8628,61.413975,830.19714,2649.3188,-59.477844,1459.0138,2602.3472,180.23714,832.37823,2681.2178,44.015823,1627.3689,2852.4036,-360.1483,822.8759,2952.0603,-573.488
IMG_5408.JPG,1149.9377,795.7503,-1228.1923,1166.7893,734.0382,-1158.2289,1183.023,734.00446,-1158.4368,1198.8157,733.4234,-1158.9321,1108.9735,735.807,-1180.8892,1080.9012,736.6028,-1181.1626,1055.5182,737.44476,-1181.4427,1206.4702,760.2306,-700.1159,1000.0367,767.62067,-797.6738,1174.6858,854.01575,-1048.745,1105.0845,858.15906,-1077.6703,1351.2106,1134.4667,-423.28537,765.2004,1093.9896,-604.0339,1346.5431,1523.3716,-281.79218,599.1818,1422.3853,-546.968,1319.1534,1798.4567,-607.45465,566.29193,1758.1666,-774.1822,1321.8098,1889.9504,-692.15894,525.5794,1861.5529,-854.94354,1299.0043,1871.2634,-771.9901,567.94147,1853.3844,-929.7071,1290.8503,1833.1134,-648.3243,591.0776,1821.8748,-807.6194,1206.4557,1788.202,79.40968,860.71655,1778.5825,-80.137634,1545.7054,2101.0417,-1143.3446,807.8905,2133.3198,-1165.5964,1450.171,2545.4905,94.1687,747.27386,2606.9434,-6.458009,1377.2184,2582.698,198.50371,764.75836,2637.6,94.16001,1541.0767,2820.5178,-216.11667,720.339,2901.6511,-371.62427
IMG_5409.JPG,1112.85,1017.28534,-1093.374,1106.1348,978.31757,-998.505,1111.6653,977.0475,-998.8204,1116.6027,975.5871,-999.1428,1080.6555,981.95215,-1084.99,1064.0618,983.2041,-1085.2725,1044.0118,985.3136,-1085.4631,1086.8291,991.3432,-491.0482,984.0734,1007.79114,-874.6602,1117.7623,1059.7554,-897.5659,1084.7642,1066.17,-1009.096,1178.9987,1205.321,22.630919,842.12244,1250.1937,-811.66064,1117.1772,1463.7512,228.20528,752.04974,1533.8878,-805.5343,1124.0864,1681.8701,-71.682755,696.63477,1803.6863,-827.59595,1130.7599,1752.5691,-135.77982,664.7059,1889.7593,-922.18195,1117.8167,1750.8739,-231.83426,701.2671,1890.3815,-986.5753,1104.4077,1726.0936,-126.08405,723.3103,1864.0773,-853.6891,1119.923,1700.5917,285.17468,933.7354,1723.9004,-284.4922,1401.2413,1892.1981,-778.3013,1103.2357,1969.2261,-1222.5747,1361.2559,2273.6204,-179.35512,1010.52216,2377.251,-781.91473,1305.9346,2321.6436,-139.4494,957.3144,2423.507,-755.08545,1499.8041,2417.2332,-517.23303,1133.1125,2569.6692,-1242.1992
IMG_5410.JPG,1027.906,991.001,-1224.1923,1021.4183,947.653,-1126.4583,1028.7535,945.9703,-1126.7905,1035.5074,944.39813,-1127.145,990.96844,952.4521,-1207.972,972.6054,955.50354,-1208.2598,950.84357,960.1793,-1208.452,1012.81616,962.2646,-581.22015,891.6087,990.37726,-939.4953,1039.7953,1035.7241,-1011.61957,1002.0732,1043.5242,-1115.7426,1111.5358,1195.0952,-39.425728,753.30273,1243.3016,-845.3424,1064.7404,1446.5515,184.06277,669.1876,1545.3293,-842.2085,1053.7594,1652.9047,-162.80344,623.52563,1827.2472,-934.5686,1066.105,1721.6459,-238.77892,595.67065,1918.0436,-1043.273,1067.9077,1712.8862,-336.68848,627.41125,1915.8956,-1115.9033,1053.6746,1697.9697,-218.91396,646.77875,1885.5304,-965.5393,1053.5825,1703.5226,280.22186,856.8563,1731.9738,-279.8368,1346.2096,1912.1926,-637.32153,1035.2062,1997.01,-1129.7024,1329.7977,2290.1133,81.33022,956.82367,2413.9243,-571.27386,1277.4504,2338.852,133.43039,907.0454,2455.959,-531.7207,1457.4801,2446.244,-241.57117,1072.3057,2616.951,-1016.28503
IMG_5411.JPG,1026.1049,980.61945,-1213.1211,1019.0792,937.3939,-1108.2281,1026.8856,935.6799,-1108.5898,1033.4727,934.3582,-1108.9846,988.4592,943.1798,-1189.5468,969.10205,946.4759,-1189.879,946.8532,950.8932,-1190.05,1011.28723,951.6867,-538.5141,887.35284,977.1442,-896.90735,1038.6454,1025.3265,-992.8441,1000.14075,1035.1487,-1096.9158,1109.0609,1188.0739,15.824863,740.98267,1246.5172,-791.8806,1053.569,1455.8365,240.8262,658.3769,1560.4265,-744.6122,1036.1416,1679.0443,-109.62288,606.58527,1847.9028,-818.37164,1049.5247,1747.059,-188.23982,578.29114,1938.7465,-923.32874,1053.8523,1759.0332,-288.65424,607.4534,1938.1539,-1003.01685,1040.148,1735.2202,-167.54797,627.6832,1905.7449,-851.4995,1056.5295,1720.6646,292.54187,853.64355,1753.0181,-291.873,1352.9634,1938.0574,-721.0023,1031.3065,2032.71,-1207.0974,1334.2222,2328.9314,-15.680646,950.16205,2455.9216,-646.3796,1272.8677,2385.251,33.875076,898.80426,2504.2817,-608.68036,1475.9136,2488.9978,-359.89203,1068.0579,2670.7483,-1124.4688
IMG_5412.JPG,858.6065,860.10474,-1052.7479,908.3049,799.412,-1020.23615,938.888,799.3159,-1019.8745,962.9105,799.7506,-1019.769,833.58466,798.83984,-979.40753,817.70215,798.8075,-979.23834,802.1803,799.4015,-978.9179,1010.8793,823.82227,-736.0687,801.6352,825.0209,-538.21014,914.6147,925.5962,-936.07776,828.97943,925.7013,-878.5352,1244.7291,1210.3707,-613.8405,650.03107,1157.6757,-261.94028,1336.458,1600.249,-501.15265,574.9541,1523.3354,26.571037,1356.1908,1944.9851,-714.68066,608.9692,1839.7561,-141.90935,1380.2273,2039.7732,-784.1393,600.2329,1934.4596,-212.73074,1347.7869,2030.8214,-881.61774,605.676,1930.4432,-291.6368,1329.8489,2001.2162,-749.96936,618.14343,1897.2198,-182.1469,1089.8168,1887.48,-124.234634,739.57904,1852.3855,123.63871,1114.5391,2293.0889,-1159.7213,401.61264,2144.4878,-805.8616,1168.2546,2787.578,-249.14812,463.05365,2630.5557,86.56238,1163.0883,2818.059,-188.40605,532.371,2696.1968,150.72429,1124.8599,3098.464,-709.6592,322.0501,2886.0967,-211.67749
IMG_5413.JPG,1156.5421,743.2492,-1769.2074,1204.1511,688.92163,-1758.2036,1234.1683,690.4906,-1757.9004,1262.5464,692.4454,-1758.1118,1149.4414,685.59106,-1686.4872,1134.8713,684.2493,-1686.5746,1121.5038,683.5353,-1686.3036,1315.6837,719.8169,-1439.2368,1138.3822,707.82196,-1102.9366,1200.3837,811.6601,-1630.0559,1139.5283,803.8306,-1532.7479,1543.0358,1103.3987,-1140.6176,994.1419,1009.71936,-519.99915,1628.3862,1480.5624,-958.5079,925.9914,1336.0924,-27.2882,1628.8477,1822.6991,-1172.4111,960.6583,1623.836,-266.38565,1666.6132,1926.9861,-1267.7875,945.9947,1697.7981,-329.29572,1627.4518,1919.0349,-1392.1871,965.9048,1651.4608,-459.87714,1606.708,1876.8876,-1216.9822,970.9141,1665.7355,-325.0318,1343.0873,1712.511,-207.9798,1029.4485,1651.9548,208.01219,1228.7416,2057.3608,-1488.7054,656.7328,1886.676,-888.75836,1284.2316,2589.4553,-575.4649,709.2973,2321.75,160.69817,1312.293,2634.4387,-520.51746,782.6587,2405.4724,232.85315,1183.0466,2858.7168,-1200.3665,516.59985,2516.552,-277.09576
IMG_5414.JPG,1190.7853,848.4555,-1391.936,1230.299,798.63257,-1387.3525,1249.2417,798.69415,-1387.4039,1273.0298,799.3126,-1387.8295,1193.9346,794.77844,-1306.0103,1186.5342,793.1791,-1305.9478,1178.5693,791.197,-1305.896,1342.6542,828.22095,-1168.9962,1213.5271,813.2449,-784.9058,1222.6586,900.26404,-1298.4058,1183.6978,895.46375,-1187.4987,1534.1373,1165.2133,-1046.7057,1122.9701,1096.4718,-250.33937,1628.9814,1547.6556,-960.20557,1115.813,1463.5369,91.01735,1637.8313,1872.349,-1056.0242,1089.4618,1732.1593,-203.33266,1671.1223,1969.5228,-1162.9503,1063.1991,1818.606,-260.2875,1636.4994,1972.8254,-1268.4963,1059.936,1812.3145,-401.87234,1615.64,1937.153,-1088.4724,1080.7115,1783.5787,-269.22525,1390.4009,1745.7119,-275.12927,1133.223,1687.198,275.37234,1141.4486,2034.9037,-1387.2402,752.9564,1842.0472,109.966324,1187.1062,2513.4316,-968.96655,805.80634,2244.8662,1132.6154,1233.1445,2577.5435,-951.1495,868.34955,2337.0144,1212.2394,1044.323,2704.981,-1581.4604,606.8676,2372.777,869.81635
IMG_5415.JPG,1105.9464,646.7632,-1754.1041,1153.0034,584.0971,-1759.517,1187.0239,580.665,-1759.1117,1221.3613,578.0092,-1759.2382,1095.1757,585.8045,-1672.8295,1081.4275,586.23566,-1672.8716,1067.9843,586.5118,-1672.7148,1300.1613,604.59247,-1494.7738,1098.2975,609.73645,-1084.1003,1166.3333,721.8386,-1634.52,1096.2279,720.3944,-1515.2737,1569.7538,1016.56067,-1250.1951,971.1673,957.6834,-553.0241,1653.8538,1473.3402,-1092.4225,957.3804,1350.7778,-133.46613,1702.1483,1878.5289,-1281.9303,934.39905,1690.2394,-423.06036,1760.8907,2000.484,-1390.8008,903.8548,1793.6212,-498.05145,1716.549,2006.0317,-1512.1503,900.319,1775.2781,-652.53076,1687.4082,1965.4095,-1327.4844,932.7279,1763.892,-495.52304,1367.2482,1758.4218,-259.25174,1047.2947,1699.5938,258.26218,1180.0172,2237.685,-1078.0927,657.779,2075.6438,-725.35187,1276.1617,2746.2754,211.71538,696.08276,2514.2896,743.06757,1317.1973,2801.3545,313.34302,776.7481,2561.8796,869.676,1141.0922,3085.641,-235.47899,537.1109,2784.2576,501.4654
IMG_5416.JPG,864.109,708.3407,-1626.9609,904.9215,641.1842,-1634.029,934.5625,638.46234,-1633.7703,967.11304,635.3411,-1634.1072,858.3087,644.7141,-1543.0796,847.55676,644.5288,-1542.9957,836.68066,645.15027,-1542.8143,1050.1985,656.45056,-1391.2739,876.1504,667.47485,-960.5179,914.8972,773.84326,-1516.544,859.1421,776.2697,-1391.8971,1318.8644,1042.3512,-1224.4899,777.2135,989.95844,-410.33157,1438.2583,1494.6973,-1137.3352,823.6248,1385.2753,88.310936,1511.4618,1885.596,-1259.1619,787.5356,1728.9548,-39.506725,1572.6608,2003.052,-1360.8734,783.6029,1835.731,-81.64783,1533.0715,2009.4021,-1478.4835,783.40063,1830.6106,-235.33543,1504.2089,1971.9507,-1299.4856,806.56885,1792.6942,-108.54391,1166.5226,1767.7621,-287.9583,862.40796,1721.5137,287.34567,927.9857,2216.1445,-1205.9207,445.8934,2052.6387,-487.0314,1060.021,2762.7676,-212.98666,533.0597,2520.7383,709.4199,1131.4833,2816.8726,-136.83363,621.8533,2575.1934,807.82306,905.48035,3094.2078,-689.028,344.43973,2796.0996,445.58142
IMG_5417.JPG,601.4861,662.5695,-1537.4221,641.3091,601.66394,-1559.302,666.757,598.18896,-1559.3357,695.648,594.8115,-1559.9039,603.07556,605.41125,-1446.9148,596.31433,604.3629,-1446.924,589.0189,603.3888,-1446.9043,788.9361,619.2702,-1425.7726,650.3613,622.84045,-913.7044,655.7468,732.8399,-1474.8848,611.07697,734.4756,-1326.6508,1065.602,1000.565,-1421.3085,629.1153,948.2558,-306.50867,1219.3157,1471.5127,-1352.1892,731.45917,1368.2477,168.48158,1338.2942,1872.2053,-1332.8695,714.8745,1670.6422,54.091763,1399.4308,1985.8966,-1438.0586,723.4542,1761.7712,31.783495,1367.6263,1995.9503,-1545.613,710.6451,1754.6692,-106.17633,1341.6161,1966.819,-1365.426,728.5612,1725.3448,-9.034489,991.60596,1707.5815,-392.0463,731.4784,1658.7208,391.7589,594.64453,2134.5955,-1178.165,287.6928,1984.9531,-94.92138,787.0161,2672.104,-329.42813,431.26776,2441.0593,803.5705,874.8865,2733.8606,-255.49501,506.06363,2500.956,879.12695,590.9114,2966.0242,-627.9025,206.11739,2647.8872,655.6347
Screenshot 2023-02-19 223402.png,194.47612,272.6033,-159.37971,199.26105,266.1343,-142.46005,202.53212,266.4566,-142.46837,204.46468,266.8062,-142.5084,189.7135,266.5075,-143.83716,186.64537,267.07623,-143.90036,183.32045,267.47937,-143.89114,208.77171,272.34695,-60.429863,179.75174,272.77737,-67.20371,200.49135,282.4102,-130.03384,187.58784,282.59366,-132.04893,235.4463,324.40506,-22.769318,152.01122,325.90253,-34.614338,249.67444,384.61945,-28.920252,132.85818,382.71793,-41.01049,258.93124,435.77408,-104.75714,128.87668,434.9852,-109.948654,266.88373,451.3462,-127.956985,121.79733,449.3041,-132.29391,263.0872,451.0969,-147.10742,128.17728,449.62164,-152.68172,259.58997,447.05737,-114.825516,132.84647,445.07812,-119.657845,221.38997,430.0582,-0.022477848,169.97614,431.06137,0.16113324,243.9815,455.07355,-301.07986,153.8607,457.16998,-278.7931,241.32042,551.79144,-206.60913,150.90842,550.4023,-194.4592,235.50616,562.5419,-201.06065,154.76872,561.25433,-189.38527,250.33081,587.17615,-314.67862,144.7074,588.6645,-305.69122
Screenshot 2023-02-19 223438.png,194.32771,194.83347,-247.3122,198.4882,186.94818,-231.87233,201.2809,187.11218,-231.86157,204.291,187.37747,-231.91153,188.5563,186.49045,-233.68535,183.83652,186.55945,-233.73677,180.2221,186.84433,-233.74742,206.9195,191.27374,-145.12354,174.17715,191.6763,-152.94652,198.67862,204.5979,-214.84164,186.58344,204.12292,-217.1791,233.4545,254.6372,-93.78967,141.19072,248.39456,-106.949524,235.08614,321.85706,-69.17201,130.76184,315.4327,-91.9712,226.60544,373.3909,-124.36611,133.52661,366.92606,-139.8057,226.25085,391.80106,-142.25002,130.39772,383.90994,-158.22318,222.27716,388.93564,-157.44353,133.79231,383.64053,-172.64932,219.82442,382.0407,-131.57771,136.659,377.4438,-146.22537,208.49283,359.6679,3.4602845,157.3216,357.23407,-3.531927,232.71721,410.74628,-259.17337,138.58008,410.47803,-253.24661,222.7622,486.1152,-27.639198,141.66885,484.19083,-24.683815,215.02534,491.42197,-8.971784,146.73491,489.24673,-5.3133492,228.25555,526.38947,-106.66525,135.9992,529.2927,-98.82089
Screenshot 2023-02-19 223506.png,183.59029,214.31657,-241.17352,189.161,206.28574,-223.09465,192.85097,206.58704,-223.09421,195.17755,206.88359,-223.1309,177.85439,206.17041,-222.4953,174.24812,206.38742,-222.56378,170.71942,206.89014,-222.59628,200.27791,212.75256,-124.69981,167.28397,212.91412,-119.57366,190.53032,225.36832,-205.17078,176.15244,224.876,-203.91512,229.07587,273.18964,-66.350494,137.04659,270.17078,-68.56967,231.73277,339.69177,-43.723526,125.59915,333.28952,-50.838066,228.1864,391.71103,-123.03819,122.692085,389.718,-117.3551,228.52318,404.56345,-143.56715,118.35819,406.52213,-139.44347,226.51175,405.4567,-163.02567,122.54103,406.98892,-161.13855,225.40361,401.30728,-132.71652,125.63375,401.26413,-127.65796,204.96729,390.24655,-1.8416363,151.26306,388.8097,1.7442093,240.77191,440.5157,-317.87195,124.856895,441.31296,-288.20267,236.1659,529.57495,-125.02498,130.88205,530.02673,-85.99774,230.02681,537.5673,-112.135605,136.4215,539.0852,-71.06398,241.66011,571.04645,-253.00334,124.54226,572.24176,-197.8523
Screenshot 2023-02-19 223534.png,182.13748,214.14453,-277.1801,188.44225,204.97647,-259.91467,192.39232,205.32695,-259.91095,194.75473,205.6984,-259.9506,176.52672,204.84317,-258.70657,172.53517,205.15688,-258.77203,169.46867,205.78114,-258.79263,200.38153,211.77988,-159.36482,165.84981,212.29466,-151.1063,189.29672,226.37816,-239.78542,174.64868,226.1989,-237.57347,230.7992,274.1936,-94.34192,134.85794,271.75137,-88.416794,236.02446,338.25375,-66.414474,123.75982,334.25925,-60.981136,236.64398,394.8534,-161.82259,120.611496,392.56857,-139.5982,239.40436,407.7153,-186.43388,114.814476,408.57236,-165.00815,237.40813,408.32977,-210.82683,118.561485,408.9817,-190.763,234.45518,405.2404,-173.50916,122.01083,404.28732,-152.04639,207.42958,393.98373,-2.8381617,151.56506,393.2344,2.748214,241.56665,457.8832,-291.4805,119.485794,459.7596,-264.2457,237.60571,551.8086,-99.31921,129.42635,549.81946,-73.15944,230.18088,561.5785,-87.82409,136.36493,558.3439,-60.85727,246.64825,594.3449,-233.25072,120.139626,594.9788,-190.62918
Screenshot 2023-02-19 223659.png,207.45721,361.55905,-7.635995,201.41582,354.5114,0.7781457,200.68784,354.63303,0.67462087,199.82976,354.7061,0.66250986,200.08566,354.72247,-20.607561,198.42827,355.01846,-20.601818,196.60223,355.2136,-20.655094,187.89775,361.0814,38.49988,185.81197,360.29874,-56.16091,206.91135,372.05365,7.8406863,205.56845,372.24136,-19.516985,190.27907,420.0847,95.90263,176.19588,418.24567,-122.20037,184.18616,494.3532,108.47365,163.41603,499.93253,-146.64276,174.87093,561.73376,77.82746,156.97362,579.42096,-136.41605,188.75311,584.33936,68.89155,151.24295,599.9237,-159.81158,182.47832,584.63025,55.170376,154.86948,602.68616,-161.01021,175.25877,574.50195,69.72803,158.8662,594.1899,-137.40479,203.69699,543.3735,71.251205,187.64679,554.4904,-71.23384,296.79898,548.30743,84.4383,306.38992,570.82275,-85.81072,282.64923,650.38104,146.00879,287.47223,682.486,-2.857511,267.30023,661.4638,149.48605,273.38342,700.2845,8.870348,321.87747,674.35974,139.46658,338.25714,703.89465,15.310092
Screenshot 2023-02-19 223720.png,241.72517,352.44162,-13.169362,236.27449,345.16217,-3.8834743,235.26978,345.11407,-3.9764,234.10158,345.01526,-3.9900181,235.75278,345.347,-23.374393,234.45963,345.42517,-23.362011,232.96692,345.46704,-23.37227,221.55582,349.74652,33.036503,220.8291,350.07138,-53.8903,238.43039,360.74643,1.1071336,237.39363,360.9884,-23.912294,219.30966,404.08447,82.01137,205.8882,406.87888,-111.65697,217.96599,478.39072,89.96699,196.20757,489.84094,-121.82663,209.44705,541.66504,68.235695,192.43639,556.7065,-92.22659,218.67915,564.97235,60.35612,187.16908,576.0076,-110.232666,213.61272,564.7636,51.26854,189.54462,577.1841,-113.35446,204.65527,553.75165,62.126022,191.8951,569.88354,-93.94682,235.31708,521.3444,64.10104,221.91609,531.95966,-64.01749,323.51117,538.18756,64.548965,329.14633,541.1767,-93.34537,303.90332,630.91296,99.633224,310.25626,647.3407,-29.614735,278.8272,645.1485,100.33991,296.76895,666.1214,-21.145954,329.36395,656.0369,95.09374,353.5141,677.65894,-14.029089
Screenshot 2023-02-19 223857.png,223.30884,206.90678,-7.7094655,217.20721,197.99446,3.7977936,216.30293,198.03244,3.7035632,215.19002,198.01718,3.7296255,215.48778,197.87854,-23.591259,213.44254,197.868,-23.601599,211.32283,197.76895,-23.64398,201.6367,202.73119,57.14157,197.75552,202.25096,-64.839676,220.38448,219.05304,14.219235,218.61407,218.30794,-21.21081,195.84778,270.9372,142.45865,180.39209,263.79633,-150.09808,192.10306,358.9148,166.76453,171.60449,354.71243,-193.91293,183.13745,434.33606,119.21287,160.58199,437.70563,-212.14975,184.09421,449.6264,112.0246,152.36194,462.1089,-247.93361,183.30748,452.35773,88.97475,155.1665,466.68604,-245.89815,183.43907,447.64355,106.608986,159.3859,457.4629,-212.79118,201.22932,423.53705,92.24863,189.149,427.1018,-92.00446,301.72885,445.8693,163.92337,321.67493,447.35266,-129.14578,278.29022,547.0616,295.92285,303.09985,576.55383,-69.34734,257.7674,561.21796,306.11896,287.16315,603.32465,-62.49946,311.00308,570.98175,306.9757,357.05334,601.2194,-68.15297
Screenshot 2023-02-19 223914.png,215.47789,238.9903,10.058638,208.40019,228.71263,20.087353,207.50253,228.73991,19.989716,206.49857,228.73999,20.027346,206.56923,228.9062,-6.3478684,204.458,229.11333,-6.372637,202.1073,229.35155,-6.4358897,193.26329,233.6145,72.325714,188.17064,234.87167,-45.02576,212.85304,250.67453,32.10381,210.70927,250.70172,-2.0892758,188.82544,302.97626,158.06117,173.53868,294.44983,-133.06392,187.07654,393.24478,178.362,164.2234,386.19247,-195.77144,180.2092,466.39017,132.1959,154.89018,471.69022,-249.73257,180.03975,483.07486,126.42418,146.86276,495.71014,-289.49194,179.5627,484.3957,101.82943,148.87804,500.01505,-286.20593,177.88324,480.21326,119.49736,153.32628,490.78653,-250.48296,199.49692,463.93756,90.776596,186.25955,468.6649,-90.53679,296.99902,489.2217,144.40399,318.80737,494.5753,-120.35134,278.0991,593.51855,261.23395,302.33496,629.3763,-60.478806,259.3591,608.58813,270.23013,285.10077,651.7544,-53.30281,313.9161,619.0147,266.6434,357.1357,655.0846,-64.09974
Screenshot 2023-02-19 223936.png,232.26607,216.24869,-27.875578,225.96461,205.2886,-18.526583,225.10973,205.07748,-18.639515,224.15494,204.85046,-18.65837,223.99394,205.15181,-43.42162,221.8218,204.87024,-43.43734,219.57904,204.52042,-43.45601,209.98909,208.81389,33.171116,204.11044,207.75601,-77.37213,228.87627,227.9927,-6.134734,226.06537,227.76666,-38.241814,201.70082,284.1087,109.256035,181.44373,274.79074,-148.82014,194.43378,379.34415,128.90889,167.96814,376.36746,-180.08197,180.01695,457.5311,100.263145,152.65483,464.1747,-162.79115,179.16396,476.72983,94.37952,145.8683,489.5207,-188.1713,179.11519,478.8167,74.209526,148.43639,493.15485,-187.52515,179.44067,473.1496,89.62708,152.46635,485.0007,-162.39536,205.51068,449.59763,82.115715,186.57321,453.04453,-81.98613,313.48438,488.46542,88.44453,321.0376,491.06137,-110.889915,280.3094,598.8688,152.93698,284.55786,621.51215,-12.385563,260.0627,619.7387,155.3337,263.66098,640.8009,-0.36172885,326.23755,633.18787,148.24962,335.198,651.2471,14.493531
